userId,paymentId
a0c1b5a9552e4c3b92e5440cd8362ee7,jvrVJL
e11fd51ee4cf4f90a090138d0daa26c5,vBuU3P
67902ecb09454c9fa106f613aeb00e3b,K7Eqpm
9d673a6ed17042b88756047944809447,lMS9j1
4dd8f62dc0ff4caebca68f0dbc48accc,hFqV6M
f745453fc9644f179c88b411066a437e,Qp4384
cf057adf72e7419a8a50bf0c521c5cf6,fn5UCH
5655c934794d4a29bc73177e33e17292,FJeKa9
6edb792de08b48658196002a446ce735,BmR7d4
63200c7746d141bf979ecf847d4c093a,8pqEV3
c3e2f5c287fb448ab92a06cf4098be36,P4aVpb
f2a68571350c4e5da76a88650675e9df,lLFeC2
fac5a2ecb5424fca8ca2d3ec18ac6e8c,MtSbNJ
70577db5a5234167b33547cd824b0924,Y4BaVk
26153064fbb844058924bacdb41ceae4,mFKcNM
294e3a70357d4b72ab1ca3cc968bb62b,iylEIi
fff70f02648c4cb7aec1726d1308344a,RQbLce
bc0510b54d424ff4985ee1476a908c6e,if2tew
b3a46654bd834367b2ba00a025ab2039,mgQLRN
b022fb86deb34356a42499a99a7599cc,T9tmcG
7ec54323cac646dabec2ae83afd54e6e,HOfEym
7e62ca226def43ee866e7ff6b5f9c35d,jbsrUu
d590587633ee4eb9bf4a0d354c93af20,M2oBNv
c29239c3ab514fb18627f25e9f816013,JHcNYZ
fc0d573f4c9e43efbdcc574845f00947,0kxJiw
ca3b94da03c040fe9ea44c3d6134ec43,ViZ2sr
81769d179bbc4cb2a089663f550cc2fc,714g2t
0d7aad6d3cc743198133e5daddb9a1f9,ivIiWv
6aca76cd1d6241868d6d11a2336a0d7f,q31Rxf
0e012d2824af42638a8f27b3e2b8acc4,1L4IOQ
bcf8215fa6f04334aced458964b5c950,rwGHUP
4b3bea25b1de42f9a060d67b9c3f23f3,n2or7e
f3df10fbae4b40b2bce28563f4788ac1,7RdKg9
0b1d9703a9624642b3e2f8fb24809795,HcI8fP
7f87f9fd223b47c7be8fe12c07c52b5a,FV73Hj
b3f4261baf074452a531ea7e0f0c9f00,xZTvuP
152dbc831af84c6b872fc68e5327de6e,5wu89p
ecfb2918d5ac4503bd4d45cfc2773796,EMEeHM
d5f8d668a5fe4e88a61a764acd67c7b3,EBxV3f
f5a79664f9e943f3b79ac90f419864f0,tEGQyC
937054558791476f835bfdccf492c135,UKwNTV
9aa3a6e1dd914227b0ee95e9c1294dda,neMmEY
6b1fdb2c84c4408dad0d90063cd56c59,4vkVvN
516b743a3b66430bbd2a9e97b6e7cd80,EZzsJl
3d17834ba4d64964a22d6d29d48a13b0,F0n3ht
e03c334a9fa142d081e0d73d854d02ff,ZFgonP
c104b6a8baaf4f3e9aedc686d4f91942,9o7m5W
7082ec79b51e49c78f670e83c1785c6a,cVSGS7
748236607fd548e4b53d7796de4eb66c,zOfrbN
2552444c9bbe42c8a20bf89d8a776f28,61yd2J
f3bab31cc0814438b7d7d590fd824e38,3GumGn
e8bbd3c17eff478ea9463ca3a9ce95ce,bSIcUM
5c212d7f612d4b338f0930e8db4f587a,bj5M6s
8a63ff41a7584637bcd873f7129ce9d8,bbYq1L
b1f9dd85f40240869ee40055f77c3565,JBo2X0
efc39d20adbd414b9259955495423483,Uotegz
d9f917b3996e4873a9953f9ef633a456,jJnejk
388b8ca7fe164530bf8f315f2118c055,JDJABh
187e8080e5824888b933915d2677033c,i6kwRU
43e83cfcd61849909bce17852d089567,BA4LEa
dc67d1e06f974f74ad83df4b16f4e420,yLDxRC
636bbfe78dea4a339fba785cd5d6556c,Dqp5hl
844808f439ad4a23862f76d3d1cc9621,ff1dQf
e2e762e163f94ee88bc1b50dfe9c0827,eXDsJL
1a2e0b76ecf84d949ec133a4643c778c,61Xooo
1c5e814bf7cb400e9a2332fcaa268804,BEZHJ3
4a589dc66a2042629a30d128a87d7e0e,tiYNRc
f78384e1080e49e6becd4254d079bcc3,ERb4QA
96c90bc485fb42d087966abdcc22e6b4,bOcyhX
7b0db18d0bd441a0a5ba1bb0ffa6a43b,lssE3M
27c54a991127459c9e48e8b86310a656,ahalF5
182325f3805c4b56a50f1cc795b47275,8Xew5F
99a4baa64dfe4d60ae2ae622abf2452b,13hdOR
e16a3e93fd494883b237055447af2915,rIW5uL
7489a4a7ecf14338b194a00703c6806a,g2DRJX
93f5d99ad5e2462aaacf43adcfd77c9f,UBYFIC
9ff3722c0dfc4142b4906ef03a698ee1,qo223r
d4e041f8cdcd4c52b4e6d9c12aab2b89,Gs5tJB
9f86ff3ab54c43f292d4f3cd49c1424e,mrcipB
e74056473a314e409362a9bac3f00b8d,srxQFe
c2868220ec224a5e90926e4ba70677bc,DMleEF
505754003a3a4667a64007e632378a9e,ZSVmNK
f2dbe5a86cc44ec59283506d9758c9c9,O4721L
5f8e51b3dd204723929c5dee35094ae7,j1X0zn
ffff35fbaf9d43e0b3cf6923bce00d20,BGX7S7
d5c5c4f58cd44b55bfafc840e8533250,FzbIpx
a0bd43235d9c461286f145afc0ef82a2,alL74t
f43b7ae9113b4ad8abdd234a35190e3f,0ypRLW
f6e6b9b1bff24a39970e61b1048d8da0,vLCcto
5a11b7d975f04db18310df7425ca553d,vHk6To
8d748615ca484055807644277313ec7a,VV5jmx
f3fef57ebfd74f4c85b8d284c5dddede,jKFqGi
303729538c6849f1bf8226c44b48c23a,wrscuc
5861c7e664bf4e40a4884e76545c3c4e,dIXbUq
02e0536158b8433ab3cd3ceef8097cac,XrCDNo
a883c0a4fef249dda4520cb939b6401b,Isxp2y
b6fb3e7ff7a7464aa9374fc1a887f864,kBYNHO
6153aa443992488a901f070307b7e762,9luO9K
61fee3a679bc4dab82979356b7c444fd,bDlbkT
ce05255f9218446abaf715d07d1ae267,oZ5W27
144960f0469d4d4489c877ef8379c9d2,ktDxSY
f733a037c08440ebbc1cc36dee5ed989,ggw3bA
b55f4e3db6b4413591c01da17929abf4,Y5SHGp
4da9b682fed44641b199ffec08992270,TjwqDD
3e745769550e45ac8cf0d47dcbc88dbf,4hU771
eba0f3acafd14f9195018031ce4a6c86,c6i7ib
f1d5b30d388746f6ac44d8abf62ae655,B3gPgf
1f0068f1f9cf46f29f7e2795b9453c9a,4ukiyH
c4d79468d5204f70be001cb03e5363d6,xx7uZ6
177a54505ebe4e909fcf161146ab6b6b,REZMVG
94534a18315744f2a9c3df8432373e21,ooUXkd
3779474d534c4890a477993cab900e75,I5CgeF
a30e51d7dc504094964eb071087b63dd,YDex0o
70c2949d5f3546a3a7a94fbeaf8cfeb0,SxpJ0r
564263785c534fd1b9e9eda5dfb7c84c,ciOegG
