userId,group,item,responseNo,checked
a0c1b5a9552e4c3b92e5440cd8362ee7,0,age,1,0
a0c1b5a9552e4c3b92e5440cd8362ee7,0,age,2,0
a0c1b5a9552e4c3b92e5440cd8362ee7,0,age,3,1
a0c1b5a9552e4c3b92e5440cd8362ee7,0,age,4,0
a0c1b5a9552e4c3b92e5440cd8362ee7,0,age,5,0
a0c1b5a9552e4c3b92e5440cd8362ee7,0,age,6,0
a0c1b5a9552e4c3b92e5440cd8362ee7,0,age,7,0
a0c1b5a9552e4c3b92e5440cd8362ee7,0,gender,1,0
a0c1b5a9552e4c3b92e5440cd8362ee7,0,gender,2,1
a0c1b5a9552e4c3b92e5440cd8362ee7,0,gender,3,0
a0c1b5a9552e4c3b92e5440cd8362ee7,0,gender,4,0
a0c1b5a9552e4c3b92e5440cd8362ee7,0,gender,5,0
a0c1b5a9552e4c3b92e5440cd8362ee7,0,gender,6,0
a0c1b5a9552e4c3b92e5440cd8362ee7,0,gender,7,0
e11fd51ee4cf4f90a090138d0daa26c5,0,age,1,0
e11fd51ee4cf4f90a090138d0daa26c5,0,age,2,0
e11fd51ee4cf4f90a090138d0daa26c5,0,age,3,0
e11fd51ee4cf4f90a090138d0daa26c5,0,age,4,1
e11fd51ee4cf4f90a090138d0daa26c5,0,age,5,0
e11fd51ee4cf4f90a090138d0daa26c5,0,age,6,0
e11fd51ee4cf4f90a090138d0daa26c5,0,age,7,0
e11fd51ee4cf4f90a090138d0daa26c5,0,gender,1,1
e11fd51ee4cf4f90a090138d0daa26c5,0,gender,2,0
e11fd51ee4cf4f90a090138d0daa26c5,0,gender,3,0
e11fd51ee4cf4f90a090138d0daa26c5,0,gender,4,0
e11fd51ee4cf4f90a090138d0daa26c5,0,gender,5,0
e11fd51ee4cf4f90a090138d0daa26c5,0,gender,6,0
e11fd51ee4cf4f90a090138d0daa26c5,0,gender,7,0
67902ecb09454c9fa106f613aeb00e3b,1,age,1,0
67902ecb09454c9fa106f613aeb00e3b,1,age,2,0
67902ecb09454c9fa106f613aeb00e3b,1,age,3,1
67902ecb09454c9fa106f613aeb00e3b,1,age,4,0
67902ecb09454c9fa106f613aeb00e3b,1,age,5,0
67902ecb09454c9fa106f613aeb00e3b,1,age,6,0
67902ecb09454c9fa106f613aeb00e3b,1,age,7,0
67902ecb09454c9fa106f613aeb00e3b,1,gender,1,0
67902ecb09454c9fa106f613aeb00e3b,1,gender,2,1
67902ecb09454c9fa106f613aeb00e3b,1,gender,3,0
67902ecb09454c9fa106f613aeb00e3b,1,gender,4,0
67902ecb09454c9fa106f613aeb00e3b,1,gender,5,0
67902ecb09454c9fa106f613aeb00e3b,1,gender,6,0
67902ecb09454c9fa106f613aeb00e3b,1,gender,7,0
9d673a6ed17042b88756047944809447,1,age,1,0
9d673a6ed17042b88756047944809447,1,age,2,0
9d673a6ed17042b88756047944809447,1,age,3,0
9d673a6ed17042b88756047944809447,1,age,4,1
9d673a6ed17042b88756047944809447,1,age,5,0
9d673a6ed17042b88756047944809447,1,age,6,0
9d673a6ed17042b88756047944809447,1,age,7,0
9d673a6ed17042b88756047944809447,1,gender,1,1
9d673a6ed17042b88756047944809447,1,gender,2,0
9d673a6ed17042b88756047944809447,1,gender,3,0
9d673a6ed17042b88756047944809447,1,gender,4,0
9d673a6ed17042b88756047944809447,1,gender,5,0
9d673a6ed17042b88756047944809447,1,gender,6,0
9d673a6ed17042b88756047944809447,1,gender,7,0
4dd8f62dc0ff4caebca68f0dbc48accc,1,age,1,1
4dd8f62dc0ff4caebca68f0dbc48accc,1,age,2,0
4dd8f62dc0ff4caebca68f0dbc48accc,1,age,3,0
4dd8f62dc0ff4caebca68f0dbc48accc,1,age,4,0
4dd8f62dc0ff4caebca68f0dbc48accc,1,age,5,0
4dd8f62dc0ff4caebca68f0dbc48accc,1,age,6,0
4dd8f62dc0ff4caebca68f0dbc48accc,1,age,7,0
4dd8f62dc0ff4caebca68f0dbc48accc,1,gender,1,0
4dd8f62dc0ff4caebca68f0dbc48accc,1,gender,2,1
4dd8f62dc0ff4caebca68f0dbc48accc,1,gender,3,0
4dd8f62dc0ff4caebca68f0dbc48accc,1,gender,4,0
4dd8f62dc0ff4caebca68f0dbc48accc,1,gender,5,0
4dd8f62dc0ff4caebca68f0dbc48accc,1,gender,6,0
4dd8f62dc0ff4caebca68f0dbc48accc,1,gender,7,0
f745453fc9644f179c88b411066a437e,1,age,1,0
f745453fc9644f179c88b411066a437e,1,age,2,0
f745453fc9644f179c88b411066a437e,1,age,3,0
f745453fc9644f179c88b411066a437e,1,age,4,0
f745453fc9644f179c88b411066a437e,1,age,5,1
f745453fc9644f179c88b411066a437e,1,age,6,0
f745453fc9644f179c88b411066a437e,1,age,7,0
f745453fc9644f179c88b411066a437e,1,gender,1,0
f745453fc9644f179c88b411066a437e,1,gender,2,1
f745453fc9644f179c88b411066a437e,1,gender,3,0
f745453fc9644f179c88b411066a437e,1,gender,4,0
f745453fc9644f179c88b411066a437e,1,gender,5,0
f745453fc9644f179c88b411066a437e,1,gender,6,0
f745453fc9644f179c88b411066a437e,1,gender,7,0
cf057adf72e7419a8a50bf0c521c5cf6,1,age,1,1
cf057adf72e7419a8a50bf0c521c5cf6,1,age,2,0
cf057adf72e7419a8a50bf0c521c5cf6,1,age,3,0
cf057adf72e7419a8a50bf0c521c5cf6,1,age,4,0
cf057adf72e7419a8a50bf0c521c5cf6,1,age,5,0
cf057adf72e7419a8a50bf0c521c5cf6,1,age,6,0
cf057adf72e7419a8a50bf0c521c5cf6,1,age,7,0
cf057adf72e7419a8a50bf0c521c5cf6,1,gender,1,1
cf057adf72e7419a8a50bf0c521c5cf6,1,gender,2,0
cf057adf72e7419a8a50bf0c521c5cf6,1,gender,3,0
cf057adf72e7419a8a50bf0c521c5cf6,1,gender,4,0
cf057adf72e7419a8a50bf0c521c5cf6,1,gender,5,0
cf057adf72e7419a8a50bf0c521c5cf6,1,gender,6,0
cf057adf72e7419a8a50bf0c521c5cf6,1,gender,7,0
5655c934794d4a29bc73177e33e17292,0,age,1,1
5655c934794d4a29bc73177e33e17292,0,age,2,0
5655c934794d4a29bc73177e33e17292,0,age,3,0
5655c934794d4a29bc73177e33e17292,0,age,4,0
5655c934794d4a29bc73177e33e17292,0,age,5,0
5655c934794d4a29bc73177e33e17292,0,age,6,0
5655c934794d4a29bc73177e33e17292,0,age,7,0
5655c934794d4a29bc73177e33e17292,0,gender,1,0
5655c934794d4a29bc73177e33e17292,0,gender,2,1
5655c934794d4a29bc73177e33e17292,0,gender,3,0
5655c934794d4a29bc73177e33e17292,0,gender,4,0
5655c934794d4a29bc73177e33e17292,0,gender,5,0
5655c934794d4a29bc73177e33e17292,0,gender,6,0
5655c934794d4a29bc73177e33e17292,0,gender,7,0
6edb792de08b48658196002a446ce735,0,age,1,0
6edb792de08b48658196002a446ce735,0,age,2,1
6edb792de08b48658196002a446ce735,0,age,3,0
6edb792de08b48658196002a446ce735,0,age,4,0
6edb792de08b48658196002a446ce735,0,age,5,0
6edb792de08b48658196002a446ce735,0,age,6,0
6edb792de08b48658196002a446ce735,0,age,7,0
6edb792de08b48658196002a446ce735,0,gender,1,0
6edb792de08b48658196002a446ce735,0,gender,2,1
6edb792de08b48658196002a446ce735,0,gender,3,0
6edb792de08b48658196002a446ce735,0,gender,4,0
6edb792de08b48658196002a446ce735,0,gender,5,0
6edb792de08b48658196002a446ce735,0,gender,6,0
6edb792de08b48658196002a446ce735,0,gender,7,0
63200c7746d141bf979ecf847d4c093a,1,age,1,0
63200c7746d141bf979ecf847d4c093a,1,age,2,1
63200c7746d141bf979ecf847d4c093a,1,age,3,0
63200c7746d141bf979ecf847d4c093a,1,age,4,0
63200c7746d141bf979ecf847d4c093a,1,age,5,0
63200c7746d141bf979ecf847d4c093a,1,age,6,0
63200c7746d141bf979ecf847d4c093a,1,age,7,0
63200c7746d141bf979ecf847d4c093a,1,gender,1,1
63200c7746d141bf979ecf847d4c093a,1,gender,2,0
63200c7746d141bf979ecf847d4c093a,1,gender,3,0
63200c7746d141bf979ecf847d4c093a,1,gender,4,0
63200c7746d141bf979ecf847d4c093a,1,gender,5,0
63200c7746d141bf979ecf847d4c093a,1,gender,6,0
63200c7746d141bf979ecf847d4c093a,1,gender,7,0
c3e2f5c287fb448ab92a06cf4098be36,1,age,1,0
c3e2f5c287fb448ab92a06cf4098be36,1,age,2,0
c3e2f5c287fb448ab92a06cf4098be36,1,age,3,1
c3e2f5c287fb448ab92a06cf4098be36,1,age,4,0
c3e2f5c287fb448ab92a06cf4098be36,1,age,5,0
c3e2f5c287fb448ab92a06cf4098be36,1,age,6,0
c3e2f5c287fb448ab92a06cf4098be36,1,age,7,0
c3e2f5c287fb448ab92a06cf4098be36,1,gender,1,0
c3e2f5c287fb448ab92a06cf4098be36,1,gender,2,1
c3e2f5c287fb448ab92a06cf4098be36,1,gender,3,0
c3e2f5c287fb448ab92a06cf4098be36,1,gender,4,0
c3e2f5c287fb448ab92a06cf4098be36,1,gender,5,0
c3e2f5c287fb448ab92a06cf4098be36,1,gender,6,0
c3e2f5c287fb448ab92a06cf4098be36,1,gender,7,0
f2a68571350c4e5da76a88650675e9df,1,age,1,0
f2a68571350c4e5da76a88650675e9df,1,age,2,0
f2a68571350c4e5da76a88650675e9df,1,age,3,1
f2a68571350c4e5da76a88650675e9df,1,age,4,0
f2a68571350c4e5da76a88650675e9df,1,age,5,0
f2a68571350c4e5da76a88650675e9df,1,age,6,0
f2a68571350c4e5da76a88650675e9df,1,age,7,0
f2a68571350c4e5da76a88650675e9df,1,gender,1,0
f2a68571350c4e5da76a88650675e9df,1,gender,2,1
f2a68571350c4e5da76a88650675e9df,1,gender,3,0
f2a68571350c4e5da76a88650675e9df,1,gender,4,0
f2a68571350c4e5da76a88650675e9df,1,gender,5,0
f2a68571350c4e5da76a88650675e9df,1,gender,6,0
f2a68571350c4e5da76a88650675e9df,1,gender,7,0
fac5a2ecb5424fca8ca2d3ec18ac6e8c,1,age,1,0
fac5a2ecb5424fca8ca2d3ec18ac6e8c,1,age,2,0
fac5a2ecb5424fca8ca2d3ec18ac6e8c,1,age,3,0
fac5a2ecb5424fca8ca2d3ec18ac6e8c,1,age,4,1
fac5a2ecb5424fca8ca2d3ec18ac6e8c,1,age,5,0
fac5a2ecb5424fca8ca2d3ec18ac6e8c,1,age,6,0
fac5a2ecb5424fca8ca2d3ec18ac6e8c,1,age,7,0
fac5a2ecb5424fca8ca2d3ec18ac6e8c,1,gender,1,0
fac5a2ecb5424fca8ca2d3ec18ac6e8c,1,gender,2,1
fac5a2ecb5424fca8ca2d3ec18ac6e8c,1,gender,3,0
fac5a2ecb5424fca8ca2d3ec18ac6e8c,1,gender,4,0
fac5a2ecb5424fca8ca2d3ec18ac6e8c,1,gender,5,0
fac5a2ecb5424fca8ca2d3ec18ac6e8c,1,gender,6,0
fac5a2ecb5424fca8ca2d3ec18ac6e8c,1,gender,7,0
70577db5a5234167b33547cd824b0924,1,age,1,0
70577db5a5234167b33547cd824b0924,1,age,2,1
70577db5a5234167b33547cd824b0924,1,age,3,0
70577db5a5234167b33547cd824b0924,1,age,4,0
70577db5a5234167b33547cd824b0924,1,age,5,0
70577db5a5234167b33547cd824b0924,1,age,6,0
70577db5a5234167b33547cd824b0924,1,age,7,0
70577db5a5234167b33547cd824b0924,1,gender,1,0
70577db5a5234167b33547cd824b0924,1,gender,2,1
70577db5a5234167b33547cd824b0924,1,gender,3,0
70577db5a5234167b33547cd824b0924,1,gender,4,0
70577db5a5234167b33547cd824b0924,1,gender,5,0
70577db5a5234167b33547cd824b0924,1,gender,6,0
70577db5a5234167b33547cd824b0924,1,gender,7,0
26153064fbb844058924bacdb41ceae4,1,age,1,0
26153064fbb844058924bacdb41ceae4,1,age,2,1
26153064fbb844058924bacdb41ceae4,1,age,3,0
26153064fbb844058924bacdb41ceae4,1,age,4,0
26153064fbb844058924bacdb41ceae4,1,age,5,0
26153064fbb844058924bacdb41ceae4,1,age,6,0
26153064fbb844058924bacdb41ceae4,1,age,7,0
26153064fbb844058924bacdb41ceae4,1,gender,1,0
26153064fbb844058924bacdb41ceae4,1,gender,2,1
26153064fbb844058924bacdb41ceae4,1,gender,3,0
26153064fbb844058924bacdb41ceae4,1,gender,4,0
26153064fbb844058924bacdb41ceae4,1,gender,5,0
26153064fbb844058924bacdb41ceae4,1,gender,6,0
26153064fbb844058924bacdb41ceae4,1,gender,7,0
294e3a70357d4b72ab1ca3cc968bb62b,0,age,1,0
294e3a70357d4b72ab1ca3cc968bb62b,0,age,2,1
294e3a70357d4b72ab1ca3cc968bb62b,0,age,3,0
294e3a70357d4b72ab1ca3cc968bb62b,0,age,4,0
294e3a70357d4b72ab1ca3cc968bb62b,0,age,5,0
294e3a70357d4b72ab1ca3cc968bb62b,0,age,6,0
294e3a70357d4b72ab1ca3cc968bb62b,0,age,7,0
294e3a70357d4b72ab1ca3cc968bb62b,0,gender,1,1
294e3a70357d4b72ab1ca3cc968bb62b,0,gender,2,0
294e3a70357d4b72ab1ca3cc968bb62b,0,gender,3,0
294e3a70357d4b72ab1ca3cc968bb62b,0,gender,4,0
294e3a70357d4b72ab1ca3cc968bb62b,0,gender,5,0
294e3a70357d4b72ab1ca3cc968bb62b,0,gender,6,0
294e3a70357d4b72ab1ca3cc968bb62b,0,gender,7,0
fff70f02648c4cb7aec1726d1308344a,0,age,1,0
fff70f02648c4cb7aec1726d1308344a,0,age,2,1
fff70f02648c4cb7aec1726d1308344a,0,age,3,0
fff70f02648c4cb7aec1726d1308344a,0,age,4,0
fff70f02648c4cb7aec1726d1308344a,0,age,5,0
fff70f02648c4cb7aec1726d1308344a,0,age,6,0
fff70f02648c4cb7aec1726d1308344a,0,age,7,0
fff70f02648c4cb7aec1726d1308344a,0,gender,1,0
fff70f02648c4cb7aec1726d1308344a,0,gender,2,1
fff70f02648c4cb7aec1726d1308344a,0,gender,3,0
fff70f02648c4cb7aec1726d1308344a,0,gender,4,0
fff70f02648c4cb7aec1726d1308344a,0,gender,5,0
fff70f02648c4cb7aec1726d1308344a,0,gender,6,0
fff70f02648c4cb7aec1726d1308344a,0,gender,7,0
bc0510b54d424ff4985ee1476a908c6e,1,age,1,0
bc0510b54d424ff4985ee1476a908c6e,1,age,2,0
bc0510b54d424ff4985ee1476a908c6e,1,age,3,0
bc0510b54d424ff4985ee1476a908c6e,1,age,4,1
bc0510b54d424ff4985ee1476a908c6e,1,age,5,0
bc0510b54d424ff4985ee1476a908c6e,1,age,6,0
bc0510b54d424ff4985ee1476a908c6e,1,age,7,0
bc0510b54d424ff4985ee1476a908c6e,1,gender,1,0
bc0510b54d424ff4985ee1476a908c6e,1,gender,2,1
bc0510b54d424ff4985ee1476a908c6e,1,gender,3,0
bc0510b54d424ff4985ee1476a908c6e,1,gender,4,0
bc0510b54d424ff4985ee1476a908c6e,1,gender,5,0
bc0510b54d424ff4985ee1476a908c6e,1,gender,6,0
bc0510b54d424ff4985ee1476a908c6e,1,gender,7,0
b3a46654bd834367b2ba00a025ab2039,1,age,1,0
b3a46654bd834367b2ba00a025ab2039,1,age,2,1
b3a46654bd834367b2ba00a025ab2039,1,age,3,0
b3a46654bd834367b2ba00a025ab2039,1,age,4,0
b3a46654bd834367b2ba00a025ab2039,1,age,5,0
b3a46654bd834367b2ba00a025ab2039,1,age,6,0
b3a46654bd834367b2ba00a025ab2039,1,age,7,0
b3a46654bd834367b2ba00a025ab2039,1,gender,1,1
b3a46654bd834367b2ba00a025ab2039,1,gender,2,0
b3a46654bd834367b2ba00a025ab2039,1,gender,3,0
b3a46654bd834367b2ba00a025ab2039,1,gender,4,0
b3a46654bd834367b2ba00a025ab2039,1,gender,5,0
b3a46654bd834367b2ba00a025ab2039,1,gender,6,0
b3a46654bd834367b2ba00a025ab2039,1,gender,7,0
b022fb86deb34356a42499a99a7599cc,1,age,1,0
b022fb86deb34356a42499a99a7599cc,1,age,2,0
b022fb86deb34356a42499a99a7599cc,1,age,3,1
b022fb86deb34356a42499a99a7599cc,1,age,4,0
b022fb86deb34356a42499a99a7599cc,1,age,5,0
b022fb86deb34356a42499a99a7599cc,1,age,6,0
b022fb86deb34356a42499a99a7599cc,1,age,7,0
b022fb86deb34356a42499a99a7599cc,1,gender,1,0
b022fb86deb34356a42499a99a7599cc,1,gender,2,1
b022fb86deb34356a42499a99a7599cc,1,gender,3,0
b022fb86deb34356a42499a99a7599cc,1,gender,4,0
b022fb86deb34356a42499a99a7599cc,1,gender,5,0
b022fb86deb34356a42499a99a7599cc,1,gender,6,0
b022fb86deb34356a42499a99a7599cc,1,gender,7,0
7ec54323cac646dabec2ae83afd54e6e,0,age,1,0
7ec54323cac646dabec2ae83afd54e6e,0,age,2,1
7ec54323cac646dabec2ae83afd54e6e,0,age,3,0
7ec54323cac646dabec2ae83afd54e6e,0,age,4,0
7ec54323cac646dabec2ae83afd54e6e,0,age,5,0
7ec54323cac646dabec2ae83afd54e6e,0,age,6,0
7ec54323cac646dabec2ae83afd54e6e,0,age,7,0
7ec54323cac646dabec2ae83afd54e6e,0,gender,1,0
7ec54323cac646dabec2ae83afd54e6e,0,gender,2,1
7ec54323cac646dabec2ae83afd54e6e,0,gender,3,0
7ec54323cac646dabec2ae83afd54e6e,0,gender,4,0
7ec54323cac646dabec2ae83afd54e6e,0,gender,5,0
7ec54323cac646dabec2ae83afd54e6e,0,gender,6,0
7ec54323cac646dabec2ae83afd54e6e,0,gender,7,0
7e62ca226def43ee866e7ff6b5f9c35d,0,age,1,0
7e62ca226def43ee866e7ff6b5f9c35d,0,age,2,0
7e62ca226def43ee866e7ff6b5f9c35d,0,age,3,1
7e62ca226def43ee866e7ff6b5f9c35d,0,age,4,0
7e62ca226def43ee866e7ff6b5f9c35d,0,age,5,0
7e62ca226def43ee866e7ff6b5f9c35d,0,age,6,0
7e62ca226def43ee866e7ff6b5f9c35d,0,age,7,0
7e62ca226def43ee866e7ff6b5f9c35d,0,gender,1,1
7e62ca226def43ee866e7ff6b5f9c35d,0,gender,2,0
7e62ca226def43ee866e7ff6b5f9c35d,0,gender,3,0
7e62ca226def43ee866e7ff6b5f9c35d,0,gender,4,0
7e62ca226def43ee866e7ff6b5f9c35d,0,gender,5,0
7e62ca226def43ee866e7ff6b5f9c35d,0,gender,6,0
7e62ca226def43ee866e7ff6b5f9c35d,0,gender,7,0
d590587633ee4eb9bf4a0d354c93af20,1,age,1,0
d590587633ee4eb9bf4a0d354c93af20,1,age,2,0
d590587633ee4eb9bf4a0d354c93af20,1,age,3,1
d590587633ee4eb9bf4a0d354c93af20,1,age,4,0
d590587633ee4eb9bf4a0d354c93af20,1,age,5,0
d590587633ee4eb9bf4a0d354c93af20,1,age,6,0
d590587633ee4eb9bf4a0d354c93af20,1,age,7,0
d590587633ee4eb9bf4a0d354c93af20,1,gender,1,1
d590587633ee4eb9bf4a0d354c93af20,1,gender,2,0
d590587633ee4eb9bf4a0d354c93af20,1,gender,3,0
d590587633ee4eb9bf4a0d354c93af20,1,gender,4,0
d590587633ee4eb9bf4a0d354c93af20,1,gender,5,0
d590587633ee4eb9bf4a0d354c93af20,1,gender,6,0
d590587633ee4eb9bf4a0d354c93af20,1,gender,7,0
c29239c3ab514fb18627f25e9f816013,0,age,1,0
c29239c3ab514fb18627f25e9f816013,0,age,2,0
c29239c3ab514fb18627f25e9f816013,0,age,3,0
c29239c3ab514fb18627f25e9f816013,0,age,4,0
c29239c3ab514fb18627f25e9f816013,0,age,5,0
c29239c3ab514fb18627f25e9f816013,0,age,6,1
c29239c3ab514fb18627f25e9f816013,0,age,7,0
c29239c3ab514fb18627f25e9f816013,0,gender,1,1
c29239c3ab514fb18627f25e9f816013,0,gender,2,0
c29239c3ab514fb18627f25e9f816013,0,gender,3,0
c29239c3ab514fb18627f25e9f816013,0,gender,4,0
c29239c3ab514fb18627f25e9f816013,0,gender,5,0
c29239c3ab514fb18627f25e9f816013,0,gender,6,0
c29239c3ab514fb18627f25e9f816013,0,gender,7,0
fc0d573f4c9e43efbdcc574845f00947,1,age,1,0
fc0d573f4c9e43efbdcc574845f00947,1,age,2,1
fc0d573f4c9e43efbdcc574845f00947,1,age,3,0
fc0d573f4c9e43efbdcc574845f00947,1,age,4,0
fc0d573f4c9e43efbdcc574845f00947,1,age,5,0
fc0d573f4c9e43efbdcc574845f00947,1,age,6,0
fc0d573f4c9e43efbdcc574845f00947,1,age,7,0
fc0d573f4c9e43efbdcc574845f00947,1,gender,1,0
fc0d573f4c9e43efbdcc574845f00947,1,gender,2,1
fc0d573f4c9e43efbdcc574845f00947,1,gender,3,0
fc0d573f4c9e43efbdcc574845f00947,1,gender,4,0
fc0d573f4c9e43efbdcc574845f00947,1,gender,5,0
fc0d573f4c9e43efbdcc574845f00947,1,gender,6,0
fc0d573f4c9e43efbdcc574845f00947,1,gender,7,0
ca3b94da03c040fe9ea44c3d6134ec43,1,age,1,0
ca3b94da03c040fe9ea44c3d6134ec43,1,age,2,0
ca3b94da03c040fe9ea44c3d6134ec43,1,age,3,1
ca3b94da03c040fe9ea44c3d6134ec43,1,age,4,0
ca3b94da03c040fe9ea44c3d6134ec43,1,age,5,0
ca3b94da03c040fe9ea44c3d6134ec43,1,age,6,0
ca3b94da03c040fe9ea44c3d6134ec43,1,age,7,0
ca3b94da03c040fe9ea44c3d6134ec43,1,gender,1,0
ca3b94da03c040fe9ea44c3d6134ec43,1,gender,2,1
ca3b94da03c040fe9ea44c3d6134ec43,1,gender,3,0
ca3b94da03c040fe9ea44c3d6134ec43,1,gender,4,0
ca3b94da03c040fe9ea44c3d6134ec43,1,gender,5,0
ca3b94da03c040fe9ea44c3d6134ec43,1,gender,6,0
ca3b94da03c040fe9ea44c3d6134ec43,1,gender,7,0
81769d179bbc4cb2a089663f550cc2fc,1,age,1,0
81769d179bbc4cb2a089663f550cc2fc,1,age,2,0
81769d179bbc4cb2a089663f550cc2fc,1,age,3,0
81769d179bbc4cb2a089663f550cc2fc,1,age,4,0
81769d179bbc4cb2a089663f550cc2fc,1,age,5,1
81769d179bbc4cb2a089663f550cc2fc,1,age,6,0
81769d179bbc4cb2a089663f550cc2fc,1,age,7,0
81769d179bbc4cb2a089663f550cc2fc,1,gender,1,0
81769d179bbc4cb2a089663f550cc2fc,1,gender,2,1
81769d179bbc4cb2a089663f550cc2fc,1,gender,3,0
81769d179bbc4cb2a089663f550cc2fc,1,gender,4,0
81769d179bbc4cb2a089663f550cc2fc,1,gender,5,0
81769d179bbc4cb2a089663f550cc2fc,1,gender,6,0
81769d179bbc4cb2a089663f550cc2fc,1,gender,7,0
0d7aad6d3cc743198133e5daddb9a1f9,0,age,1,0
0d7aad6d3cc743198133e5daddb9a1f9,0,age,2,1
0d7aad6d3cc743198133e5daddb9a1f9,0,age,3,0
0d7aad6d3cc743198133e5daddb9a1f9,0,age,4,0
0d7aad6d3cc743198133e5daddb9a1f9,0,age,5,0
0d7aad6d3cc743198133e5daddb9a1f9,0,age,6,0
0d7aad6d3cc743198133e5daddb9a1f9,0,age,7,0
0d7aad6d3cc743198133e5daddb9a1f9,0,gender,1,0
0d7aad6d3cc743198133e5daddb9a1f9,0,gender,2,1
0d7aad6d3cc743198133e5daddb9a1f9,0,gender,3,0
0d7aad6d3cc743198133e5daddb9a1f9,0,gender,4,0
0d7aad6d3cc743198133e5daddb9a1f9,0,gender,5,0
0d7aad6d3cc743198133e5daddb9a1f9,0,gender,6,0
0d7aad6d3cc743198133e5daddb9a1f9,0,gender,7,0
6aca76cd1d6241868d6d11a2336a0d7f,1,age,1,0
6aca76cd1d6241868d6d11a2336a0d7f,1,age,2,0
6aca76cd1d6241868d6d11a2336a0d7f,1,age,3,0
6aca76cd1d6241868d6d11a2336a0d7f,1,age,4,1
6aca76cd1d6241868d6d11a2336a0d7f,1,age,5,0
6aca76cd1d6241868d6d11a2336a0d7f,1,age,6,0
6aca76cd1d6241868d6d11a2336a0d7f,1,age,7,0
6aca76cd1d6241868d6d11a2336a0d7f,1,gender,1,1
6aca76cd1d6241868d6d11a2336a0d7f,1,gender,2,0
6aca76cd1d6241868d6d11a2336a0d7f,1,gender,3,0
6aca76cd1d6241868d6d11a2336a0d7f,1,gender,4,0
6aca76cd1d6241868d6d11a2336a0d7f,1,gender,5,0
6aca76cd1d6241868d6d11a2336a0d7f,1,gender,6,0
6aca76cd1d6241868d6d11a2336a0d7f,1,gender,7,0
0e012d2824af42638a8f27b3e2b8acc4,0,age,1,0
0e012d2824af42638a8f27b3e2b8acc4,0,age,2,1
0e012d2824af42638a8f27b3e2b8acc4,0,age,3,0
0e012d2824af42638a8f27b3e2b8acc4,0,age,4,0
0e012d2824af42638a8f27b3e2b8acc4,0,age,5,0
0e012d2824af42638a8f27b3e2b8acc4,0,age,6,0
0e012d2824af42638a8f27b3e2b8acc4,0,age,7,0
0e012d2824af42638a8f27b3e2b8acc4,0,gender,1,1
0e012d2824af42638a8f27b3e2b8acc4,0,gender,2,0
0e012d2824af42638a8f27b3e2b8acc4,0,gender,3,0
0e012d2824af42638a8f27b3e2b8acc4,0,gender,4,0
0e012d2824af42638a8f27b3e2b8acc4,0,gender,5,0
0e012d2824af42638a8f27b3e2b8acc4,0,gender,6,0
0e012d2824af42638a8f27b3e2b8acc4,0,gender,7,0
bcf8215fa6f04334aced458964b5c950,0,age,1,0
bcf8215fa6f04334aced458964b5c950,0,age,2,0
bcf8215fa6f04334aced458964b5c950,0,age,3,0
bcf8215fa6f04334aced458964b5c950,0,age,4,0
bcf8215fa6f04334aced458964b5c950,0,age,5,1
bcf8215fa6f04334aced458964b5c950,0,age,6,0
bcf8215fa6f04334aced458964b5c950,0,age,7,0
bcf8215fa6f04334aced458964b5c950,0,gender,1,1
bcf8215fa6f04334aced458964b5c950,0,gender,2,0
bcf8215fa6f04334aced458964b5c950,0,gender,3,0
bcf8215fa6f04334aced458964b5c950,0,gender,4,0
bcf8215fa6f04334aced458964b5c950,0,gender,5,0
bcf8215fa6f04334aced458964b5c950,0,gender,6,0
bcf8215fa6f04334aced458964b5c950,0,gender,7,0
4b3bea25b1de42f9a060d67b9c3f23f3,0,age,1,0
4b3bea25b1de42f9a060d67b9c3f23f3,0,age,2,1
4b3bea25b1de42f9a060d67b9c3f23f3,0,age,3,0
4b3bea25b1de42f9a060d67b9c3f23f3,0,age,4,0
4b3bea25b1de42f9a060d67b9c3f23f3,0,age,5,0
4b3bea25b1de42f9a060d67b9c3f23f3,0,age,6,0
4b3bea25b1de42f9a060d67b9c3f23f3,0,age,7,0
4b3bea25b1de42f9a060d67b9c3f23f3,0,gender,1,0
4b3bea25b1de42f9a060d67b9c3f23f3,0,gender,2,1
4b3bea25b1de42f9a060d67b9c3f23f3,0,gender,3,0
4b3bea25b1de42f9a060d67b9c3f23f3,0,gender,4,0
4b3bea25b1de42f9a060d67b9c3f23f3,0,gender,5,0
4b3bea25b1de42f9a060d67b9c3f23f3,0,gender,6,0
4b3bea25b1de42f9a060d67b9c3f23f3,0,gender,7,0
f3df10fbae4b40b2bce28563f4788ac1,0,age,1,0
f3df10fbae4b40b2bce28563f4788ac1,0,age,2,0
f3df10fbae4b40b2bce28563f4788ac1,0,age,3,0
f3df10fbae4b40b2bce28563f4788ac1,0,age,4,0
f3df10fbae4b40b2bce28563f4788ac1,0,age,5,1
f3df10fbae4b40b2bce28563f4788ac1,0,age,6,0
f3df10fbae4b40b2bce28563f4788ac1,0,age,7,0
f3df10fbae4b40b2bce28563f4788ac1,0,gender,1,1
f3df10fbae4b40b2bce28563f4788ac1,0,gender,2,0
f3df10fbae4b40b2bce28563f4788ac1,0,gender,3,0
f3df10fbae4b40b2bce28563f4788ac1,0,gender,4,0
f3df10fbae4b40b2bce28563f4788ac1,0,gender,5,0
f3df10fbae4b40b2bce28563f4788ac1,0,gender,6,0
f3df10fbae4b40b2bce28563f4788ac1,0,gender,7,0
0b1d9703a9624642b3e2f8fb24809795,0,age,1,0
0b1d9703a9624642b3e2f8fb24809795,0,age,2,0
0b1d9703a9624642b3e2f8fb24809795,0,age,3,1
0b1d9703a9624642b3e2f8fb24809795,0,age,4,0
0b1d9703a9624642b3e2f8fb24809795,0,age,5,0
0b1d9703a9624642b3e2f8fb24809795,0,age,6,0
0b1d9703a9624642b3e2f8fb24809795,0,age,7,0
0b1d9703a9624642b3e2f8fb24809795,0,gender,1,1
0b1d9703a9624642b3e2f8fb24809795,0,gender,2,0
0b1d9703a9624642b3e2f8fb24809795,0,gender,3,0
0b1d9703a9624642b3e2f8fb24809795,0,gender,4,0
0b1d9703a9624642b3e2f8fb24809795,0,gender,5,0
0b1d9703a9624642b3e2f8fb24809795,0,gender,6,0
0b1d9703a9624642b3e2f8fb24809795,0,gender,7,0
7f87f9fd223b47c7be8fe12c07c52b5a,0,age,1,0
7f87f9fd223b47c7be8fe12c07c52b5a,0,age,2,0
7f87f9fd223b47c7be8fe12c07c52b5a,0,age,3,0
7f87f9fd223b47c7be8fe12c07c52b5a,0,age,4,0
7f87f9fd223b47c7be8fe12c07c52b5a,0,age,5,1
7f87f9fd223b47c7be8fe12c07c52b5a,0,age,6,0
7f87f9fd223b47c7be8fe12c07c52b5a,0,age,7,0
7f87f9fd223b47c7be8fe12c07c52b5a,0,gender,1,0
7f87f9fd223b47c7be8fe12c07c52b5a,0,gender,2,1
7f87f9fd223b47c7be8fe12c07c52b5a,0,gender,3,0
7f87f9fd223b47c7be8fe12c07c52b5a,0,gender,4,0
7f87f9fd223b47c7be8fe12c07c52b5a,0,gender,5,0
7f87f9fd223b47c7be8fe12c07c52b5a,0,gender,6,0
7f87f9fd223b47c7be8fe12c07c52b5a,0,gender,7,0
b3f4261baf074452a531ea7e0f0c9f00,0,age,1,0
b3f4261baf074452a531ea7e0f0c9f00,0,age,2,0
b3f4261baf074452a531ea7e0f0c9f00,0,age,3,0
b3f4261baf074452a531ea7e0f0c9f00,0,age,4,0
b3f4261baf074452a531ea7e0f0c9f00,0,age,5,0
b3f4261baf074452a531ea7e0f0c9f00,0,age,6,0
b3f4261baf074452a531ea7e0f0c9f00,0,age,7,1
b3f4261baf074452a531ea7e0f0c9f00,0,gender,1,0
b3f4261baf074452a531ea7e0f0c9f00,0,gender,2,0
b3f4261baf074452a531ea7e0f0c9f00,0,gender,3,0
b3f4261baf074452a531ea7e0f0c9f00,0,gender,4,0
b3f4261baf074452a531ea7e0f0c9f00,0,gender,5,0
b3f4261baf074452a531ea7e0f0c9f00,0,gender,6,0
b3f4261baf074452a531ea7e0f0c9f00,0,gender,7,1
152dbc831af84c6b872fc68e5327de6e,0,age,1,0
152dbc831af84c6b872fc68e5327de6e,0,age,2,0
152dbc831af84c6b872fc68e5327de6e,0,age,3,0
152dbc831af84c6b872fc68e5327de6e,0,age,4,1
152dbc831af84c6b872fc68e5327de6e,0,age,5,0
152dbc831af84c6b872fc68e5327de6e,0,age,6,0
152dbc831af84c6b872fc68e5327de6e,0,age,7,0
152dbc831af84c6b872fc68e5327de6e,0,gender,1,0
152dbc831af84c6b872fc68e5327de6e,0,gender,2,1
152dbc831af84c6b872fc68e5327de6e,0,gender,3,0
152dbc831af84c6b872fc68e5327de6e,0,gender,4,0
152dbc831af84c6b872fc68e5327de6e,0,gender,5,0
152dbc831af84c6b872fc68e5327de6e,0,gender,6,0
152dbc831af84c6b872fc68e5327de6e,0,gender,7,0
ecfb2918d5ac4503bd4d45cfc2773796,0,age,1,0
ecfb2918d5ac4503bd4d45cfc2773796,0,age,2,1
ecfb2918d5ac4503bd4d45cfc2773796,0,age,3,0
ecfb2918d5ac4503bd4d45cfc2773796,0,age,4,0
ecfb2918d5ac4503bd4d45cfc2773796,0,age,5,0
ecfb2918d5ac4503bd4d45cfc2773796,0,age,6,0
ecfb2918d5ac4503bd4d45cfc2773796,0,age,7,0
ecfb2918d5ac4503bd4d45cfc2773796,0,gender,1,1
ecfb2918d5ac4503bd4d45cfc2773796,0,gender,2,0
ecfb2918d5ac4503bd4d45cfc2773796,0,gender,3,0
ecfb2918d5ac4503bd4d45cfc2773796,0,gender,4,0
ecfb2918d5ac4503bd4d45cfc2773796,0,gender,5,0
ecfb2918d5ac4503bd4d45cfc2773796,0,gender,6,0
ecfb2918d5ac4503bd4d45cfc2773796,0,gender,7,0
d5f8d668a5fe4e88a61a764acd67c7b3,0,age,1,0
d5f8d668a5fe4e88a61a764acd67c7b3,0,age,2,1
d5f8d668a5fe4e88a61a764acd67c7b3,0,age,3,0
d5f8d668a5fe4e88a61a764acd67c7b3,0,age,4,0
d5f8d668a5fe4e88a61a764acd67c7b3,0,age,5,0
d5f8d668a5fe4e88a61a764acd67c7b3,0,age,6,0
d5f8d668a5fe4e88a61a764acd67c7b3,0,age,7,0
d5f8d668a5fe4e88a61a764acd67c7b3,0,gender,1,1
d5f8d668a5fe4e88a61a764acd67c7b3,0,gender,2,0
d5f8d668a5fe4e88a61a764acd67c7b3,0,gender,3,0
d5f8d668a5fe4e88a61a764acd67c7b3,0,gender,4,0
d5f8d668a5fe4e88a61a764acd67c7b3,0,gender,5,0
d5f8d668a5fe4e88a61a764acd67c7b3,0,gender,6,0
d5f8d668a5fe4e88a61a764acd67c7b3,0,gender,7,0
f5a79664f9e943f3b79ac90f419864f0,1,age,1,0
f5a79664f9e943f3b79ac90f419864f0,1,age,2,1
f5a79664f9e943f3b79ac90f419864f0,1,age,3,0
f5a79664f9e943f3b79ac90f419864f0,1,age,4,0
f5a79664f9e943f3b79ac90f419864f0,1,age,5,0
f5a79664f9e943f3b79ac90f419864f0,1,age,6,0
f5a79664f9e943f3b79ac90f419864f0,1,age,7,0
f5a79664f9e943f3b79ac90f419864f0,1,gender,1,1
f5a79664f9e943f3b79ac90f419864f0,1,gender,2,0
f5a79664f9e943f3b79ac90f419864f0,1,gender,3,0
f5a79664f9e943f3b79ac90f419864f0,1,gender,4,0
f5a79664f9e943f3b79ac90f419864f0,1,gender,5,0
f5a79664f9e943f3b79ac90f419864f0,1,gender,6,0
f5a79664f9e943f3b79ac90f419864f0,1,gender,7,0
937054558791476f835bfdccf492c135,0,age,1,0
937054558791476f835bfdccf492c135,0,age,2,0
937054558791476f835bfdccf492c135,0,age,3,1
937054558791476f835bfdccf492c135,0,age,4,0
937054558791476f835bfdccf492c135,0,age,5,0
937054558791476f835bfdccf492c135,0,age,6,0
937054558791476f835bfdccf492c135,0,age,7,0
937054558791476f835bfdccf492c135,0,gender,1,1
937054558791476f835bfdccf492c135,0,gender,2,0
937054558791476f835bfdccf492c135,0,gender,3,0
937054558791476f835bfdccf492c135,0,gender,4,0
937054558791476f835bfdccf492c135,0,gender,5,0
937054558791476f835bfdccf492c135,0,gender,6,0
937054558791476f835bfdccf492c135,0,gender,7,0
9aa3a6e1dd914227b0ee95e9c1294dda,1,age,1,0
9aa3a6e1dd914227b0ee95e9c1294dda,1,age,2,0
9aa3a6e1dd914227b0ee95e9c1294dda,1,age,3,1
9aa3a6e1dd914227b0ee95e9c1294dda,1,age,4,0
9aa3a6e1dd914227b0ee95e9c1294dda,1,age,5,0
9aa3a6e1dd914227b0ee95e9c1294dda,1,age,6,0
9aa3a6e1dd914227b0ee95e9c1294dda,1,age,7,0
9aa3a6e1dd914227b0ee95e9c1294dda,1,gender,1,0
9aa3a6e1dd914227b0ee95e9c1294dda,1,gender,2,1
9aa3a6e1dd914227b0ee95e9c1294dda,1,gender,3,0
9aa3a6e1dd914227b0ee95e9c1294dda,1,gender,4,0
9aa3a6e1dd914227b0ee95e9c1294dda,1,gender,5,0
9aa3a6e1dd914227b0ee95e9c1294dda,1,gender,6,0
9aa3a6e1dd914227b0ee95e9c1294dda,1,gender,7,0
6b1fdb2c84c4408dad0d90063cd56c59,1,age,1,0
6b1fdb2c84c4408dad0d90063cd56c59,1,age,2,1
6b1fdb2c84c4408dad0d90063cd56c59,1,age,3,0
6b1fdb2c84c4408dad0d90063cd56c59,1,age,4,0
6b1fdb2c84c4408dad0d90063cd56c59,1,age,5,0
6b1fdb2c84c4408dad0d90063cd56c59,1,age,6,0
6b1fdb2c84c4408dad0d90063cd56c59,1,age,7,0
6b1fdb2c84c4408dad0d90063cd56c59,1,gender,1,1
6b1fdb2c84c4408dad0d90063cd56c59,1,gender,2,0
6b1fdb2c84c4408dad0d90063cd56c59,1,gender,3,0
6b1fdb2c84c4408dad0d90063cd56c59,1,gender,4,0
6b1fdb2c84c4408dad0d90063cd56c59,1,gender,5,0
6b1fdb2c84c4408dad0d90063cd56c59,1,gender,6,0
6b1fdb2c84c4408dad0d90063cd56c59,1,gender,7,0
516b743a3b66430bbd2a9e97b6e7cd80,0,age,1,0
516b743a3b66430bbd2a9e97b6e7cd80,0,age,2,1
516b743a3b66430bbd2a9e97b6e7cd80,0,age,3,0
516b743a3b66430bbd2a9e97b6e7cd80,0,age,4,0
516b743a3b66430bbd2a9e97b6e7cd80,0,age,5,0
516b743a3b66430bbd2a9e97b6e7cd80,0,age,6,0
516b743a3b66430bbd2a9e97b6e7cd80,0,age,7,0
516b743a3b66430bbd2a9e97b6e7cd80,0,gender,1,0
516b743a3b66430bbd2a9e97b6e7cd80,0,gender,2,1
516b743a3b66430bbd2a9e97b6e7cd80,0,gender,3,0
516b743a3b66430bbd2a9e97b6e7cd80,0,gender,4,0
516b743a3b66430bbd2a9e97b6e7cd80,0,gender,5,0
516b743a3b66430bbd2a9e97b6e7cd80,0,gender,6,0
516b743a3b66430bbd2a9e97b6e7cd80,0,gender,7,0
3d17834ba4d64964a22d6d29d48a13b0,0,age,1,0
3d17834ba4d64964a22d6d29d48a13b0,0,age,2,0
3d17834ba4d64964a22d6d29d48a13b0,0,age,3,0
3d17834ba4d64964a22d6d29d48a13b0,0,age,4,1
3d17834ba4d64964a22d6d29d48a13b0,0,age,5,0
3d17834ba4d64964a22d6d29d48a13b0,0,age,6,0
3d17834ba4d64964a22d6d29d48a13b0,0,age,7,0
3d17834ba4d64964a22d6d29d48a13b0,0,gender,1,1
3d17834ba4d64964a22d6d29d48a13b0,0,gender,2,0
3d17834ba4d64964a22d6d29d48a13b0,0,gender,3,0
3d17834ba4d64964a22d6d29d48a13b0,0,gender,4,0
3d17834ba4d64964a22d6d29d48a13b0,0,gender,5,0
3d17834ba4d64964a22d6d29d48a13b0,0,gender,6,0
3d17834ba4d64964a22d6d29d48a13b0,0,gender,7,0
e03c334a9fa142d081e0d73d854d02ff,0,age,1,0
e03c334a9fa142d081e0d73d854d02ff,0,age,2,0
e03c334a9fa142d081e0d73d854d02ff,0,age,3,1
e03c334a9fa142d081e0d73d854d02ff,0,age,4,0
e03c334a9fa142d081e0d73d854d02ff,0,age,5,0
e03c334a9fa142d081e0d73d854d02ff,0,age,6,0
e03c334a9fa142d081e0d73d854d02ff,0,age,7,0
e03c334a9fa142d081e0d73d854d02ff,0,gender,1,0
e03c334a9fa142d081e0d73d854d02ff,0,gender,2,1
e03c334a9fa142d081e0d73d854d02ff,0,gender,3,0
e03c334a9fa142d081e0d73d854d02ff,0,gender,4,0
e03c334a9fa142d081e0d73d854d02ff,0,gender,5,0
e03c334a9fa142d081e0d73d854d02ff,0,gender,6,0
e03c334a9fa142d081e0d73d854d02ff,0,gender,7,0
c104b6a8baaf4f3e9aedc686d4f91942,1,age,1,0
c104b6a8baaf4f3e9aedc686d4f91942,1,age,2,1
c104b6a8baaf4f3e9aedc686d4f91942,1,age,3,0
c104b6a8baaf4f3e9aedc686d4f91942,1,age,4,0
c104b6a8baaf4f3e9aedc686d4f91942,1,age,5,0
c104b6a8baaf4f3e9aedc686d4f91942,1,age,6,0
c104b6a8baaf4f3e9aedc686d4f91942,1,age,7,0
c104b6a8baaf4f3e9aedc686d4f91942,1,gender,1,0
c104b6a8baaf4f3e9aedc686d4f91942,1,gender,2,1
c104b6a8baaf4f3e9aedc686d4f91942,1,gender,3,0
c104b6a8baaf4f3e9aedc686d4f91942,1,gender,4,0
c104b6a8baaf4f3e9aedc686d4f91942,1,gender,5,0
c104b6a8baaf4f3e9aedc686d4f91942,1,gender,6,0
c104b6a8baaf4f3e9aedc686d4f91942,1,gender,7,0
7082ec79b51e49c78f670e83c1785c6a,1,age,1,0
7082ec79b51e49c78f670e83c1785c6a,1,age,2,0
7082ec79b51e49c78f670e83c1785c6a,1,age,3,0
7082ec79b51e49c78f670e83c1785c6a,1,age,4,0
7082ec79b51e49c78f670e83c1785c6a,1,age,5,1
7082ec79b51e49c78f670e83c1785c6a,1,age,6,0
7082ec79b51e49c78f670e83c1785c6a,1,age,7,0
7082ec79b51e49c78f670e83c1785c6a,1,gender,1,0
7082ec79b51e49c78f670e83c1785c6a,1,gender,2,1
7082ec79b51e49c78f670e83c1785c6a,1,gender,3,0
7082ec79b51e49c78f670e83c1785c6a,1,gender,4,0
7082ec79b51e49c78f670e83c1785c6a,1,gender,5,0
7082ec79b51e49c78f670e83c1785c6a,1,gender,6,0
7082ec79b51e49c78f670e83c1785c6a,1,gender,7,0
748236607fd548e4b53d7796de4eb66c,1,age,1,0
748236607fd548e4b53d7796de4eb66c,1,age,2,0
748236607fd548e4b53d7796de4eb66c,1,age,3,1
748236607fd548e4b53d7796de4eb66c,1,age,4,0
748236607fd548e4b53d7796de4eb66c,1,age,5,0
748236607fd548e4b53d7796de4eb66c,1,age,6,0
748236607fd548e4b53d7796de4eb66c,1,age,7,0
748236607fd548e4b53d7796de4eb66c,1,gender,1,0
748236607fd548e4b53d7796de4eb66c,1,gender,2,1
748236607fd548e4b53d7796de4eb66c,1,gender,3,0
748236607fd548e4b53d7796de4eb66c,1,gender,4,0
748236607fd548e4b53d7796de4eb66c,1,gender,5,0
748236607fd548e4b53d7796de4eb66c,1,gender,6,0
748236607fd548e4b53d7796de4eb66c,1,gender,7,0
2552444c9bbe42c8a20bf89d8a776f28,0,age,1,0
2552444c9bbe42c8a20bf89d8a776f28,0,age,2,0
2552444c9bbe42c8a20bf89d8a776f28,0,age,3,0
2552444c9bbe42c8a20bf89d8a776f28,0,age,4,0
2552444c9bbe42c8a20bf89d8a776f28,0,age,5,1
2552444c9bbe42c8a20bf89d8a776f28,0,age,6,0
2552444c9bbe42c8a20bf89d8a776f28,0,age,7,0
2552444c9bbe42c8a20bf89d8a776f28,0,gender,1,0
2552444c9bbe42c8a20bf89d8a776f28,0,gender,2,1
2552444c9bbe42c8a20bf89d8a776f28,0,gender,3,0
2552444c9bbe42c8a20bf89d8a776f28,0,gender,4,0
2552444c9bbe42c8a20bf89d8a776f28,0,gender,5,0
2552444c9bbe42c8a20bf89d8a776f28,0,gender,6,0
2552444c9bbe42c8a20bf89d8a776f28,0,gender,7,0
f3bab31cc0814438b7d7d590fd824e38,1,age,1,0
f3bab31cc0814438b7d7d590fd824e38,1,age,2,0
f3bab31cc0814438b7d7d590fd824e38,1,age,3,0
f3bab31cc0814438b7d7d590fd824e38,1,age,4,0
f3bab31cc0814438b7d7d590fd824e38,1,age,5,1
f3bab31cc0814438b7d7d590fd824e38,1,age,6,0
f3bab31cc0814438b7d7d590fd824e38,1,age,7,0
f3bab31cc0814438b7d7d590fd824e38,1,gender,1,1
f3bab31cc0814438b7d7d590fd824e38,1,gender,2,0
f3bab31cc0814438b7d7d590fd824e38,1,gender,3,0
f3bab31cc0814438b7d7d590fd824e38,1,gender,4,0
f3bab31cc0814438b7d7d590fd824e38,1,gender,5,0
f3bab31cc0814438b7d7d590fd824e38,1,gender,6,0
f3bab31cc0814438b7d7d590fd824e38,1,gender,7,0
e8bbd3c17eff478ea9463ca3a9ce95ce,1,age,1,0
e8bbd3c17eff478ea9463ca3a9ce95ce,1,age,2,1
e8bbd3c17eff478ea9463ca3a9ce95ce,1,age,3,0
e8bbd3c17eff478ea9463ca3a9ce95ce,1,age,4,0
e8bbd3c17eff478ea9463ca3a9ce95ce,1,age,5,0
e8bbd3c17eff478ea9463ca3a9ce95ce,1,age,6,0
e8bbd3c17eff478ea9463ca3a9ce95ce,1,age,7,0
e8bbd3c17eff478ea9463ca3a9ce95ce,1,gender,1,0
e8bbd3c17eff478ea9463ca3a9ce95ce,1,gender,2,1
e8bbd3c17eff478ea9463ca3a9ce95ce,1,gender,3,0
e8bbd3c17eff478ea9463ca3a9ce95ce,1,gender,4,0
e8bbd3c17eff478ea9463ca3a9ce95ce,1,gender,5,0
e8bbd3c17eff478ea9463ca3a9ce95ce,1,gender,6,0
e8bbd3c17eff478ea9463ca3a9ce95ce,1,gender,7,0
5c212d7f612d4b338f0930e8db4f587a,1,age,1,0
5c212d7f612d4b338f0930e8db4f587a,1,age,2,1
5c212d7f612d4b338f0930e8db4f587a,1,age,3,0
5c212d7f612d4b338f0930e8db4f587a,1,age,4,0
5c212d7f612d4b338f0930e8db4f587a,1,age,5,0
5c212d7f612d4b338f0930e8db4f587a,1,age,6,0
5c212d7f612d4b338f0930e8db4f587a,1,age,7,0
5c212d7f612d4b338f0930e8db4f587a,1,gender,1,1
5c212d7f612d4b338f0930e8db4f587a,1,gender,2,0
5c212d7f612d4b338f0930e8db4f587a,1,gender,3,0
5c212d7f612d4b338f0930e8db4f587a,1,gender,4,0
5c212d7f612d4b338f0930e8db4f587a,1,gender,5,0
5c212d7f612d4b338f0930e8db4f587a,1,gender,6,0
5c212d7f612d4b338f0930e8db4f587a,1,gender,7,0
8a63ff41a7584637bcd873f7129ce9d8,0,age,1,0
8a63ff41a7584637bcd873f7129ce9d8,0,age,2,1
8a63ff41a7584637bcd873f7129ce9d8,0,age,3,0
8a63ff41a7584637bcd873f7129ce9d8,0,age,4,0
8a63ff41a7584637bcd873f7129ce9d8,0,age,5,0
8a63ff41a7584637bcd873f7129ce9d8,0,age,6,0
8a63ff41a7584637bcd873f7129ce9d8,0,age,7,0
8a63ff41a7584637bcd873f7129ce9d8,0,gender,1,0
8a63ff41a7584637bcd873f7129ce9d8,0,gender,2,1
8a63ff41a7584637bcd873f7129ce9d8,0,gender,3,0
8a63ff41a7584637bcd873f7129ce9d8,0,gender,4,0
8a63ff41a7584637bcd873f7129ce9d8,0,gender,5,0
8a63ff41a7584637bcd873f7129ce9d8,0,gender,6,0
8a63ff41a7584637bcd873f7129ce9d8,0,gender,7,0
b1f9dd85f40240869ee40055f77c3565,1,age,1,0
b1f9dd85f40240869ee40055f77c3565,1,age,2,0
b1f9dd85f40240869ee40055f77c3565,1,age,3,1
b1f9dd85f40240869ee40055f77c3565,1,age,4,0
b1f9dd85f40240869ee40055f77c3565,1,age,5,0
b1f9dd85f40240869ee40055f77c3565,1,age,6,0
b1f9dd85f40240869ee40055f77c3565,1,age,7,0
b1f9dd85f40240869ee40055f77c3565,1,gender,1,0
b1f9dd85f40240869ee40055f77c3565,1,gender,2,1
b1f9dd85f40240869ee40055f77c3565,1,gender,3,0
b1f9dd85f40240869ee40055f77c3565,1,gender,4,0
b1f9dd85f40240869ee40055f77c3565,1,gender,5,0
b1f9dd85f40240869ee40055f77c3565,1,gender,6,0
b1f9dd85f40240869ee40055f77c3565,1,gender,7,0
efc39d20adbd414b9259955495423483,0,age,1,0
efc39d20adbd414b9259955495423483,0,age,2,1
efc39d20adbd414b9259955495423483,0,age,3,0
efc39d20adbd414b9259955495423483,0,age,4,0
efc39d20adbd414b9259955495423483,0,age,5,0
efc39d20adbd414b9259955495423483,0,age,6,0
efc39d20adbd414b9259955495423483,0,age,7,0
efc39d20adbd414b9259955495423483,0,gender,1,1
efc39d20adbd414b9259955495423483,0,gender,2,0
efc39d20adbd414b9259955495423483,0,gender,3,0
efc39d20adbd414b9259955495423483,0,gender,4,0
efc39d20adbd414b9259955495423483,0,gender,5,0
efc39d20adbd414b9259955495423483,0,gender,6,0
efc39d20adbd414b9259955495423483,0,gender,7,0
d9f917b3996e4873a9953f9ef633a456,0,age,1,0
d9f917b3996e4873a9953f9ef633a456,0,age,2,1
d9f917b3996e4873a9953f9ef633a456,0,age,3,0
d9f917b3996e4873a9953f9ef633a456,0,age,4,0
d9f917b3996e4873a9953f9ef633a456,0,age,5,0
d9f917b3996e4873a9953f9ef633a456,0,age,6,0
d9f917b3996e4873a9953f9ef633a456,0,age,7,0
d9f917b3996e4873a9953f9ef633a456,0,gender,1,0
d9f917b3996e4873a9953f9ef633a456,0,gender,2,1
d9f917b3996e4873a9953f9ef633a456,0,gender,3,0
d9f917b3996e4873a9953f9ef633a456,0,gender,4,0
d9f917b3996e4873a9953f9ef633a456,0,gender,5,0
d9f917b3996e4873a9953f9ef633a456,0,gender,6,0
d9f917b3996e4873a9953f9ef633a456,0,gender,7,0
388b8ca7fe164530bf8f315f2118c055,0,age,1,0
388b8ca7fe164530bf8f315f2118c055,0,age,2,1
388b8ca7fe164530bf8f315f2118c055,0,age,3,0
388b8ca7fe164530bf8f315f2118c055,0,age,4,0
388b8ca7fe164530bf8f315f2118c055,0,age,5,0
388b8ca7fe164530bf8f315f2118c055,0,age,6,0
388b8ca7fe164530bf8f315f2118c055,0,age,7,0
388b8ca7fe164530bf8f315f2118c055,0,gender,1,0
388b8ca7fe164530bf8f315f2118c055,0,gender,2,1
388b8ca7fe164530bf8f315f2118c055,0,gender,3,0
388b8ca7fe164530bf8f315f2118c055,0,gender,4,0
388b8ca7fe164530bf8f315f2118c055,0,gender,5,0
388b8ca7fe164530bf8f315f2118c055,0,gender,6,0
388b8ca7fe164530bf8f315f2118c055,0,gender,7,0
187e8080e5824888b933915d2677033c,1,age,1,0
187e8080e5824888b933915d2677033c,1,age,2,0
187e8080e5824888b933915d2677033c,1,age,3,1
187e8080e5824888b933915d2677033c,1,age,4,0
187e8080e5824888b933915d2677033c,1,age,5,0
187e8080e5824888b933915d2677033c,1,age,6,0
187e8080e5824888b933915d2677033c,1,age,7,0
187e8080e5824888b933915d2677033c,1,gender,1,1
187e8080e5824888b933915d2677033c,1,gender,2,0
187e8080e5824888b933915d2677033c,1,gender,3,0
187e8080e5824888b933915d2677033c,1,gender,4,0
187e8080e5824888b933915d2677033c,1,gender,5,0
187e8080e5824888b933915d2677033c,1,gender,6,0
187e8080e5824888b933915d2677033c,1,gender,7,0
43e83cfcd61849909bce17852d089567,1,age,1,0
43e83cfcd61849909bce17852d089567,1,age,2,1
43e83cfcd61849909bce17852d089567,1,age,3,0
43e83cfcd61849909bce17852d089567,1,age,4,0
43e83cfcd61849909bce17852d089567,1,age,5,0
43e83cfcd61849909bce17852d089567,1,age,6,0
43e83cfcd61849909bce17852d089567,1,age,7,0
43e83cfcd61849909bce17852d089567,1,gender,1,0
43e83cfcd61849909bce17852d089567,1,gender,2,1
43e83cfcd61849909bce17852d089567,1,gender,3,0
43e83cfcd61849909bce17852d089567,1,gender,4,0
43e83cfcd61849909bce17852d089567,1,gender,5,0
43e83cfcd61849909bce17852d089567,1,gender,6,0
43e83cfcd61849909bce17852d089567,1,gender,7,0
dc67d1e06f974f74ad83df4b16f4e420,0,age,1,0
dc67d1e06f974f74ad83df4b16f4e420,0,age,2,0
dc67d1e06f974f74ad83df4b16f4e420,0,age,3,1
dc67d1e06f974f74ad83df4b16f4e420,0,age,4,0
dc67d1e06f974f74ad83df4b16f4e420,0,age,5,0
dc67d1e06f974f74ad83df4b16f4e420,0,age,6,0
dc67d1e06f974f74ad83df4b16f4e420,0,age,7,0
dc67d1e06f974f74ad83df4b16f4e420,0,gender,1,0
dc67d1e06f974f74ad83df4b16f4e420,0,gender,2,1
dc67d1e06f974f74ad83df4b16f4e420,0,gender,3,0
dc67d1e06f974f74ad83df4b16f4e420,0,gender,4,0
dc67d1e06f974f74ad83df4b16f4e420,0,gender,5,0
dc67d1e06f974f74ad83df4b16f4e420,0,gender,6,0
dc67d1e06f974f74ad83df4b16f4e420,0,gender,7,0
636bbfe78dea4a339fba785cd5d6556c,0,age,1,0
636bbfe78dea4a339fba785cd5d6556c,0,age,2,1
636bbfe78dea4a339fba785cd5d6556c,0,age,3,0
636bbfe78dea4a339fba785cd5d6556c,0,age,4,0
636bbfe78dea4a339fba785cd5d6556c,0,age,5,0
636bbfe78dea4a339fba785cd5d6556c,0,age,6,0
636bbfe78dea4a339fba785cd5d6556c,0,age,7,0
636bbfe78dea4a339fba785cd5d6556c,0,gender,1,1
636bbfe78dea4a339fba785cd5d6556c,0,gender,2,0
636bbfe78dea4a339fba785cd5d6556c,0,gender,3,0
636bbfe78dea4a339fba785cd5d6556c,0,gender,4,0
636bbfe78dea4a339fba785cd5d6556c,0,gender,5,0
636bbfe78dea4a339fba785cd5d6556c,0,gender,6,0
636bbfe78dea4a339fba785cd5d6556c,0,gender,7,0
844808f439ad4a23862f76d3d1cc9621,0,age,1,0
844808f439ad4a23862f76d3d1cc9621,0,age,2,0
844808f439ad4a23862f76d3d1cc9621,0,age,3,1
844808f439ad4a23862f76d3d1cc9621,0,age,4,0
844808f439ad4a23862f76d3d1cc9621,0,age,5,0
844808f439ad4a23862f76d3d1cc9621,0,age,6,0
844808f439ad4a23862f76d3d1cc9621,0,age,7,0
844808f439ad4a23862f76d3d1cc9621,0,gender,1,1
844808f439ad4a23862f76d3d1cc9621,0,gender,2,0
844808f439ad4a23862f76d3d1cc9621,0,gender,3,0
844808f439ad4a23862f76d3d1cc9621,0,gender,4,0
844808f439ad4a23862f76d3d1cc9621,0,gender,5,0
844808f439ad4a23862f76d3d1cc9621,0,gender,6,0
844808f439ad4a23862f76d3d1cc9621,0,gender,7,0
e2e762e163f94ee88bc1b50dfe9c0827,1,age,1,0
e2e762e163f94ee88bc1b50dfe9c0827,1,age,2,0
e2e762e163f94ee88bc1b50dfe9c0827,1,age,3,0
e2e762e163f94ee88bc1b50dfe9c0827,1,age,4,1
e2e762e163f94ee88bc1b50dfe9c0827,1,age,5,0
e2e762e163f94ee88bc1b50dfe9c0827,1,age,6,0
e2e762e163f94ee88bc1b50dfe9c0827,1,age,7,0
e2e762e163f94ee88bc1b50dfe9c0827,1,gender,1,1
e2e762e163f94ee88bc1b50dfe9c0827,1,gender,2,0
e2e762e163f94ee88bc1b50dfe9c0827,1,gender,3,0
e2e762e163f94ee88bc1b50dfe9c0827,1,gender,4,0
e2e762e163f94ee88bc1b50dfe9c0827,1,gender,5,0
e2e762e163f94ee88bc1b50dfe9c0827,1,gender,6,0
e2e762e163f94ee88bc1b50dfe9c0827,1,gender,7,0
1a2e0b76ecf84d949ec133a4643c778c,1,age,1,0
1a2e0b76ecf84d949ec133a4643c778c,1,age,2,0
1a2e0b76ecf84d949ec133a4643c778c,1,age,3,0
1a2e0b76ecf84d949ec133a4643c778c,1,age,4,1
1a2e0b76ecf84d949ec133a4643c778c,1,age,5,0
1a2e0b76ecf84d949ec133a4643c778c,1,age,6,0
1a2e0b76ecf84d949ec133a4643c778c,1,age,7,0
1a2e0b76ecf84d949ec133a4643c778c,1,gender,1,0
1a2e0b76ecf84d949ec133a4643c778c,1,gender,2,1
1a2e0b76ecf84d949ec133a4643c778c,1,gender,3,0
1a2e0b76ecf84d949ec133a4643c778c,1,gender,4,0
1a2e0b76ecf84d949ec133a4643c778c,1,gender,5,0
1a2e0b76ecf84d949ec133a4643c778c,1,gender,6,0
1a2e0b76ecf84d949ec133a4643c778c,1,gender,7,0
1c5e814bf7cb400e9a2332fcaa268804,1,age,1,0
1c5e814bf7cb400e9a2332fcaa268804,1,age,2,1
1c5e814bf7cb400e9a2332fcaa268804,1,age,3,0
1c5e814bf7cb400e9a2332fcaa268804,1,age,4,0
1c5e814bf7cb400e9a2332fcaa268804,1,age,5,0
1c5e814bf7cb400e9a2332fcaa268804,1,age,6,0
1c5e814bf7cb400e9a2332fcaa268804,1,age,7,0
1c5e814bf7cb400e9a2332fcaa268804,1,gender,1,0
1c5e814bf7cb400e9a2332fcaa268804,1,gender,2,1
1c5e814bf7cb400e9a2332fcaa268804,1,gender,3,0
1c5e814bf7cb400e9a2332fcaa268804,1,gender,4,0
1c5e814bf7cb400e9a2332fcaa268804,1,gender,5,0
1c5e814bf7cb400e9a2332fcaa268804,1,gender,6,0
1c5e814bf7cb400e9a2332fcaa268804,1,gender,7,0
4a589dc66a2042629a30d128a87d7e0e,1,age,1,0
4a589dc66a2042629a30d128a87d7e0e,1,age,2,0
4a589dc66a2042629a30d128a87d7e0e,1,age,3,1
4a589dc66a2042629a30d128a87d7e0e,1,age,4,0
4a589dc66a2042629a30d128a87d7e0e,1,age,5,0
4a589dc66a2042629a30d128a87d7e0e,1,age,6,0
4a589dc66a2042629a30d128a87d7e0e,1,age,7,0
4a589dc66a2042629a30d128a87d7e0e,1,gender,1,0
4a589dc66a2042629a30d128a87d7e0e,1,gender,2,1
4a589dc66a2042629a30d128a87d7e0e,1,gender,3,0
4a589dc66a2042629a30d128a87d7e0e,1,gender,4,0
4a589dc66a2042629a30d128a87d7e0e,1,gender,5,0
4a589dc66a2042629a30d128a87d7e0e,1,gender,6,0
4a589dc66a2042629a30d128a87d7e0e,1,gender,7,0
f78384e1080e49e6becd4254d079bcc3,1,age,1,0
f78384e1080e49e6becd4254d079bcc3,1,age,2,1
f78384e1080e49e6becd4254d079bcc3,1,age,3,0
f78384e1080e49e6becd4254d079bcc3,1,age,4,0
f78384e1080e49e6becd4254d079bcc3,1,age,5,0
f78384e1080e49e6becd4254d079bcc3,1,age,6,0
f78384e1080e49e6becd4254d079bcc3,1,age,7,0
f78384e1080e49e6becd4254d079bcc3,1,gender,1,0
f78384e1080e49e6becd4254d079bcc3,1,gender,2,1
f78384e1080e49e6becd4254d079bcc3,1,gender,3,0
f78384e1080e49e6becd4254d079bcc3,1,gender,4,0
f78384e1080e49e6becd4254d079bcc3,1,gender,5,0
f78384e1080e49e6becd4254d079bcc3,1,gender,6,0
f78384e1080e49e6becd4254d079bcc3,1,gender,7,0
96c90bc485fb42d087966abdcc22e6b4,1,age,1,0
96c90bc485fb42d087966abdcc22e6b4,1,age,2,1
96c90bc485fb42d087966abdcc22e6b4,1,age,3,0
96c90bc485fb42d087966abdcc22e6b4,1,age,4,0
96c90bc485fb42d087966abdcc22e6b4,1,age,5,0
96c90bc485fb42d087966abdcc22e6b4,1,age,6,0
96c90bc485fb42d087966abdcc22e6b4,1,age,7,0
96c90bc485fb42d087966abdcc22e6b4,1,gender,1,0
96c90bc485fb42d087966abdcc22e6b4,1,gender,2,1
96c90bc485fb42d087966abdcc22e6b4,1,gender,3,0
96c90bc485fb42d087966abdcc22e6b4,1,gender,4,0
96c90bc485fb42d087966abdcc22e6b4,1,gender,5,0
96c90bc485fb42d087966abdcc22e6b4,1,gender,6,0
96c90bc485fb42d087966abdcc22e6b4,1,gender,7,0
7b0db18d0bd441a0a5ba1bb0ffa6a43b,1,age,1,0
7b0db18d0bd441a0a5ba1bb0ffa6a43b,1,age,2,1
7b0db18d0bd441a0a5ba1bb0ffa6a43b,1,age,3,0
7b0db18d0bd441a0a5ba1bb0ffa6a43b,1,age,4,0
7b0db18d0bd441a0a5ba1bb0ffa6a43b,1,age,5,0
7b0db18d0bd441a0a5ba1bb0ffa6a43b,1,age,6,0
7b0db18d0bd441a0a5ba1bb0ffa6a43b,1,age,7,0
7b0db18d0bd441a0a5ba1bb0ffa6a43b,1,gender,1,1
7b0db18d0bd441a0a5ba1bb0ffa6a43b,1,gender,2,0
7b0db18d0bd441a0a5ba1bb0ffa6a43b,1,gender,3,0
7b0db18d0bd441a0a5ba1bb0ffa6a43b,1,gender,4,0
7b0db18d0bd441a0a5ba1bb0ffa6a43b,1,gender,5,0
7b0db18d0bd441a0a5ba1bb0ffa6a43b,1,gender,6,0
7b0db18d0bd441a0a5ba1bb0ffa6a43b,1,gender,7,0
27c54a991127459c9e48e8b86310a656,0,age,1,1
27c54a991127459c9e48e8b86310a656,0,age,2,0
27c54a991127459c9e48e8b86310a656,0,age,3,0
27c54a991127459c9e48e8b86310a656,0,age,4,0
27c54a991127459c9e48e8b86310a656,0,age,5,0
27c54a991127459c9e48e8b86310a656,0,age,6,0
27c54a991127459c9e48e8b86310a656,0,age,7,0
27c54a991127459c9e48e8b86310a656,0,gender,1,0
27c54a991127459c9e48e8b86310a656,0,gender,2,1
27c54a991127459c9e48e8b86310a656,0,gender,3,0
27c54a991127459c9e48e8b86310a656,0,gender,4,0
27c54a991127459c9e48e8b86310a656,0,gender,5,0
27c54a991127459c9e48e8b86310a656,0,gender,6,0
27c54a991127459c9e48e8b86310a656,0,gender,7,0
182325f3805c4b56a50f1cc795b47275,0,age,1,0
182325f3805c4b56a50f1cc795b47275,0,age,2,1
182325f3805c4b56a50f1cc795b47275,0,age,3,0
182325f3805c4b56a50f1cc795b47275,0,age,4,0
182325f3805c4b56a50f1cc795b47275,0,age,5,0
182325f3805c4b56a50f1cc795b47275,0,age,6,0
182325f3805c4b56a50f1cc795b47275,0,age,7,0
182325f3805c4b56a50f1cc795b47275,0,gender,1,0
182325f3805c4b56a50f1cc795b47275,0,gender,2,1
182325f3805c4b56a50f1cc795b47275,0,gender,3,0
182325f3805c4b56a50f1cc795b47275,0,gender,4,0
182325f3805c4b56a50f1cc795b47275,0,gender,5,0
182325f3805c4b56a50f1cc795b47275,0,gender,6,0
182325f3805c4b56a50f1cc795b47275,0,gender,7,0
99a4baa64dfe4d60ae2ae622abf2452b,0,age,1,0
99a4baa64dfe4d60ae2ae622abf2452b,0,age,2,1
99a4baa64dfe4d60ae2ae622abf2452b,0,age,3,0
99a4baa64dfe4d60ae2ae622abf2452b,0,age,4,0
99a4baa64dfe4d60ae2ae622abf2452b,0,age,5,0
99a4baa64dfe4d60ae2ae622abf2452b,0,age,6,0
99a4baa64dfe4d60ae2ae622abf2452b,0,age,7,0
99a4baa64dfe4d60ae2ae622abf2452b,0,gender,1,0
99a4baa64dfe4d60ae2ae622abf2452b,0,gender,2,1
99a4baa64dfe4d60ae2ae622abf2452b,0,gender,3,0
99a4baa64dfe4d60ae2ae622abf2452b,0,gender,4,0
99a4baa64dfe4d60ae2ae622abf2452b,0,gender,5,0
99a4baa64dfe4d60ae2ae622abf2452b,0,gender,6,0
99a4baa64dfe4d60ae2ae622abf2452b,0,gender,7,0
e16a3e93fd494883b237055447af2915,0,age,1,0
e16a3e93fd494883b237055447af2915,0,age,2,0
e16a3e93fd494883b237055447af2915,0,age,3,1
e16a3e93fd494883b237055447af2915,0,age,4,0
e16a3e93fd494883b237055447af2915,0,age,5,0
e16a3e93fd494883b237055447af2915,0,age,6,0
e16a3e93fd494883b237055447af2915,0,age,7,0
e16a3e93fd494883b237055447af2915,0,gender,1,0
e16a3e93fd494883b237055447af2915,0,gender,2,0
e16a3e93fd494883b237055447af2915,0,gender,3,0
e16a3e93fd494883b237055447af2915,0,gender,4,0
e16a3e93fd494883b237055447af2915,0,gender,5,1
e16a3e93fd494883b237055447af2915,0,gender,6,0
e16a3e93fd494883b237055447af2915,0,gender,7,0
7489a4a7ecf14338b194a00703c6806a,0,age,1,0
7489a4a7ecf14338b194a00703c6806a,0,age,2,0
7489a4a7ecf14338b194a00703c6806a,0,age,3,1
7489a4a7ecf14338b194a00703c6806a,0,age,4,0
7489a4a7ecf14338b194a00703c6806a,0,age,5,0
7489a4a7ecf14338b194a00703c6806a,0,age,6,0
7489a4a7ecf14338b194a00703c6806a,0,age,7,0
7489a4a7ecf14338b194a00703c6806a,0,gender,1,0
7489a4a7ecf14338b194a00703c6806a,0,gender,2,1
7489a4a7ecf14338b194a00703c6806a,0,gender,3,0
7489a4a7ecf14338b194a00703c6806a,0,gender,4,0
7489a4a7ecf14338b194a00703c6806a,0,gender,5,0
7489a4a7ecf14338b194a00703c6806a,0,gender,6,0
7489a4a7ecf14338b194a00703c6806a,0,gender,7,0
93f5d99ad5e2462aaacf43adcfd77c9f,1,age,1,0
93f5d99ad5e2462aaacf43adcfd77c9f,1,age,2,0
93f5d99ad5e2462aaacf43adcfd77c9f,1,age,3,0
93f5d99ad5e2462aaacf43adcfd77c9f,1,age,4,1
93f5d99ad5e2462aaacf43adcfd77c9f,1,age,5,0
93f5d99ad5e2462aaacf43adcfd77c9f,1,age,6,0
93f5d99ad5e2462aaacf43adcfd77c9f,1,age,7,0
93f5d99ad5e2462aaacf43adcfd77c9f,1,gender,1,0
93f5d99ad5e2462aaacf43adcfd77c9f,1,gender,2,1
93f5d99ad5e2462aaacf43adcfd77c9f,1,gender,3,0
93f5d99ad5e2462aaacf43adcfd77c9f,1,gender,4,0
93f5d99ad5e2462aaacf43adcfd77c9f,1,gender,5,0
93f5d99ad5e2462aaacf43adcfd77c9f,1,gender,6,0
93f5d99ad5e2462aaacf43adcfd77c9f,1,gender,7,0
9ff3722c0dfc4142b4906ef03a698ee1,1,age,1,0
9ff3722c0dfc4142b4906ef03a698ee1,1,age,2,0
9ff3722c0dfc4142b4906ef03a698ee1,1,age,3,1
9ff3722c0dfc4142b4906ef03a698ee1,1,age,4,0
9ff3722c0dfc4142b4906ef03a698ee1,1,age,5,0
9ff3722c0dfc4142b4906ef03a698ee1,1,age,6,0
9ff3722c0dfc4142b4906ef03a698ee1,1,age,7,0
9ff3722c0dfc4142b4906ef03a698ee1,1,gender,1,0
9ff3722c0dfc4142b4906ef03a698ee1,1,gender,2,1
9ff3722c0dfc4142b4906ef03a698ee1,1,gender,3,0
9ff3722c0dfc4142b4906ef03a698ee1,1,gender,4,0
9ff3722c0dfc4142b4906ef03a698ee1,1,gender,5,0
9ff3722c0dfc4142b4906ef03a698ee1,1,gender,6,0
9ff3722c0dfc4142b4906ef03a698ee1,1,gender,7,0
d4e041f8cdcd4c52b4e6d9c12aab2b89,0,age,1,0
d4e041f8cdcd4c52b4e6d9c12aab2b89,0,age,2,0
d4e041f8cdcd4c52b4e6d9c12aab2b89,0,age,3,0
d4e041f8cdcd4c52b4e6d9c12aab2b89,0,age,4,0
d4e041f8cdcd4c52b4e6d9c12aab2b89,0,age,5,0
d4e041f8cdcd4c52b4e6d9c12aab2b89,0,age,6,1
d4e041f8cdcd4c52b4e6d9c12aab2b89,0,age,7,0
d4e041f8cdcd4c52b4e6d9c12aab2b89,0,gender,1,0
d4e041f8cdcd4c52b4e6d9c12aab2b89,0,gender,2,1
d4e041f8cdcd4c52b4e6d9c12aab2b89,0,gender,3,0
d4e041f8cdcd4c52b4e6d9c12aab2b89,0,gender,4,0
d4e041f8cdcd4c52b4e6d9c12aab2b89,0,gender,5,0
d4e041f8cdcd4c52b4e6d9c12aab2b89,0,gender,6,0
d4e041f8cdcd4c52b4e6d9c12aab2b89,0,gender,7,0
9f86ff3ab54c43f292d4f3cd49c1424e,0,age,1,0
9f86ff3ab54c43f292d4f3cd49c1424e,0,age,2,0
9f86ff3ab54c43f292d4f3cd49c1424e,0,age,3,0
9f86ff3ab54c43f292d4f3cd49c1424e,0,age,4,1
9f86ff3ab54c43f292d4f3cd49c1424e,0,age,5,0
9f86ff3ab54c43f292d4f3cd49c1424e,0,age,6,0
9f86ff3ab54c43f292d4f3cd49c1424e,0,age,7,0
9f86ff3ab54c43f292d4f3cd49c1424e,0,gender,1,1
9f86ff3ab54c43f292d4f3cd49c1424e,0,gender,2,0
9f86ff3ab54c43f292d4f3cd49c1424e,0,gender,3,0
9f86ff3ab54c43f292d4f3cd49c1424e,0,gender,4,0
9f86ff3ab54c43f292d4f3cd49c1424e,0,gender,5,0
9f86ff3ab54c43f292d4f3cd49c1424e,0,gender,6,0
9f86ff3ab54c43f292d4f3cd49c1424e,0,gender,7,0
e74056473a314e409362a9bac3f00b8d,1,age,1,0
e74056473a314e409362a9bac3f00b8d,1,age,2,1
e74056473a314e409362a9bac3f00b8d,1,age,3,0
e74056473a314e409362a9bac3f00b8d,1,age,4,0
e74056473a314e409362a9bac3f00b8d,1,age,5,0
e74056473a314e409362a9bac3f00b8d,1,age,6,0
e74056473a314e409362a9bac3f00b8d,1,age,7,0
e74056473a314e409362a9bac3f00b8d,1,gender,1,0
e74056473a314e409362a9bac3f00b8d,1,gender,2,1
e74056473a314e409362a9bac3f00b8d,1,gender,3,0
e74056473a314e409362a9bac3f00b8d,1,gender,4,0
e74056473a314e409362a9bac3f00b8d,1,gender,5,0
e74056473a314e409362a9bac3f00b8d,1,gender,6,0
e74056473a314e409362a9bac3f00b8d,1,gender,7,0
c2868220ec224a5e90926e4ba70677bc,0,age,1,0
c2868220ec224a5e90926e4ba70677bc,0,age,2,1
c2868220ec224a5e90926e4ba70677bc,0,age,3,0
c2868220ec224a5e90926e4ba70677bc,0,age,4,0
c2868220ec224a5e90926e4ba70677bc,0,age,5,0
c2868220ec224a5e90926e4ba70677bc,0,age,6,0
c2868220ec224a5e90926e4ba70677bc,0,age,7,0
c2868220ec224a5e90926e4ba70677bc,0,gender,1,0
c2868220ec224a5e90926e4ba70677bc,0,gender,2,1
c2868220ec224a5e90926e4ba70677bc,0,gender,3,0
c2868220ec224a5e90926e4ba70677bc,0,gender,4,0
c2868220ec224a5e90926e4ba70677bc,0,gender,5,0
c2868220ec224a5e90926e4ba70677bc,0,gender,6,0
c2868220ec224a5e90926e4ba70677bc,0,gender,7,0
505754003a3a4667a64007e632378a9e,0,age,1,0
505754003a3a4667a64007e632378a9e,0,age,2,1
505754003a3a4667a64007e632378a9e,0,age,3,0
505754003a3a4667a64007e632378a9e,0,age,4,0
505754003a3a4667a64007e632378a9e,0,age,5,0
505754003a3a4667a64007e632378a9e,0,age,6,0
505754003a3a4667a64007e632378a9e,0,age,7,0
505754003a3a4667a64007e632378a9e,0,gender,1,1
505754003a3a4667a64007e632378a9e,0,gender,2,0
505754003a3a4667a64007e632378a9e,0,gender,3,0
505754003a3a4667a64007e632378a9e,0,gender,4,0
505754003a3a4667a64007e632378a9e,0,gender,5,0
505754003a3a4667a64007e632378a9e,0,gender,6,0
505754003a3a4667a64007e632378a9e,0,gender,7,0
f2dbe5a86cc44ec59283506d9758c9c9,0,age,1,0
f2dbe5a86cc44ec59283506d9758c9c9,0,age,2,0
f2dbe5a86cc44ec59283506d9758c9c9,0,age,3,0
f2dbe5a86cc44ec59283506d9758c9c9,0,age,4,1
f2dbe5a86cc44ec59283506d9758c9c9,0,age,5,0
f2dbe5a86cc44ec59283506d9758c9c9,0,age,6,0
f2dbe5a86cc44ec59283506d9758c9c9,0,age,7,0
f2dbe5a86cc44ec59283506d9758c9c9,0,gender,1,0
f2dbe5a86cc44ec59283506d9758c9c9,0,gender,2,1
f2dbe5a86cc44ec59283506d9758c9c9,0,gender,3,0
f2dbe5a86cc44ec59283506d9758c9c9,0,gender,4,0
f2dbe5a86cc44ec59283506d9758c9c9,0,gender,5,0
f2dbe5a86cc44ec59283506d9758c9c9,0,gender,6,0
f2dbe5a86cc44ec59283506d9758c9c9,0,gender,7,0
5f8e51b3dd204723929c5dee35094ae7,1,age,1,0
5f8e51b3dd204723929c5dee35094ae7,1,age,2,0
5f8e51b3dd204723929c5dee35094ae7,1,age,3,1
5f8e51b3dd204723929c5dee35094ae7,1,age,4,0
5f8e51b3dd204723929c5dee35094ae7,1,age,5,0
5f8e51b3dd204723929c5dee35094ae7,1,age,6,0
5f8e51b3dd204723929c5dee35094ae7,1,age,7,0
5f8e51b3dd204723929c5dee35094ae7,1,gender,1,0
5f8e51b3dd204723929c5dee35094ae7,1,gender,2,1
5f8e51b3dd204723929c5dee35094ae7,1,gender,3,0
5f8e51b3dd204723929c5dee35094ae7,1,gender,4,0
5f8e51b3dd204723929c5dee35094ae7,1,gender,5,0
5f8e51b3dd204723929c5dee35094ae7,1,gender,6,0
5f8e51b3dd204723929c5dee35094ae7,1,gender,7,0
ffff35fbaf9d43e0b3cf6923bce00d20,1,age,1,0
ffff35fbaf9d43e0b3cf6923bce00d20,1,age,2,0
ffff35fbaf9d43e0b3cf6923bce00d20,1,age,3,0
ffff35fbaf9d43e0b3cf6923bce00d20,1,age,4,1
ffff35fbaf9d43e0b3cf6923bce00d20,1,age,5,0
ffff35fbaf9d43e0b3cf6923bce00d20,1,age,6,0
ffff35fbaf9d43e0b3cf6923bce00d20,1,age,7,0
ffff35fbaf9d43e0b3cf6923bce00d20,1,gender,1,0
ffff35fbaf9d43e0b3cf6923bce00d20,1,gender,2,1
ffff35fbaf9d43e0b3cf6923bce00d20,1,gender,3,0
ffff35fbaf9d43e0b3cf6923bce00d20,1,gender,4,0
ffff35fbaf9d43e0b3cf6923bce00d20,1,gender,5,0
ffff35fbaf9d43e0b3cf6923bce00d20,1,gender,6,0
ffff35fbaf9d43e0b3cf6923bce00d20,1,gender,7,0
d5c5c4f58cd44b55bfafc840e8533250,1,age,1,0
d5c5c4f58cd44b55bfafc840e8533250,1,age,2,0
d5c5c4f58cd44b55bfafc840e8533250,1,age,3,1
d5c5c4f58cd44b55bfafc840e8533250,1,age,4,0
d5c5c4f58cd44b55bfafc840e8533250,1,age,5,0
d5c5c4f58cd44b55bfafc840e8533250,1,age,6,0
d5c5c4f58cd44b55bfafc840e8533250,1,age,7,0
d5c5c4f58cd44b55bfafc840e8533250,1,gender,1,1
d5c5c4f58cd44b55bfafc840e8533250,1,gender,2,0
d5c5c4f58cd44b55bfafc840e8533250,1,gender,3,0
d5c5c4f58cd44b55bfafc840e8533250,1,gender,4,0
d5c5c4f58cd44b55bfafc840e8533250,1,gender,5,0
d5c5c4f58cd44b55bfafc840e8533250,1,gender,6,0
d5c5c4f58cd44b55bfafc840e8533250,1,gender,7,0
a0bd43235d9c461286f145afc0ef82a2,1,age,1,0
a0bd43235d9c461286f145afc0ef82a2,1,age,2,0
a0bd43235d9c461286f145afc0ef82a2,1,age,3,1
a0bd43235d9c461286f145afc0ef82a2,1,age,4,0
a0bd43235d9c461286f145afc0ef82a2,1,age,5,0
a0bd43235d9c461286f145afc0ef82a2,1,age,6,0
a0bd43235d9c461286f145afc0ef82a2,1,age,7,0
a0bd43235d9c461286f145afc0ef82a2,1,gender,1,1
a0bd43235d9c461286f145afc0ef82a2,1,gender,2,0
a0bd43235d9c461286f145afc0ef82a2,1,gender,3,0
a0bd43235d9c461286f145afc0ef82a2,1,gender,4,0
a0bd43235d9c461286f145afc0ef82a2,1,gender,5,0
a0bd43235d9c461286f145afc0ef82a2,1,gender,6,0
a0bd43235d9c461286f145afc0ef82a2,1,gender,7,0
f43b7ae9113b4ad8abdd234a35190e3f,0,age,1,0
f43b7ae9113b4ad8abdd234a35190e3f,0,age,2,0
f43b7ae9113b4ad8abdd234a35190e3f,0,age,3,1
f43b7ae9113b4ad8abdd234a35190e3f,0,age,4,0
f43b7ae9113b4ad8abdd234a35190e3f,0,age,5,0
f43b7ae9113b4ad8abdd234a35190e3f,0,age,6,0
f43b7ae9113b4ad8abdd234a35190e3f,0,age,7,0
f43b7ae9113b4ad8abdd234a35190e3f,0,gender,1,1
f43b7ae9113b4ad8abdd234a35190e3f,0,gender,2,0
f43b7ae9113b4ad8abdd234a35190e3f,0,gender,3,0
f43b7ae9113b4ad8abdd234a35190e3f,0,gender,4,0
f43b7ae9113b4ad8abdd234a35190e3f,0,gender,5,0
f43b7ae9113b4ad8abdd234a35190e3f,0,gender,6,0
f43b7ae9113b4ad8abdd234a35190e3f,0,gender,7,0
f6e6b9b1bff24a39970e61b1048d8da0,0,age,1,0
f6e6b9b1bff24a39970e61b1048d8da0,0,age,2,0
f6e6b9b1bff24a39970e61b1048d8da0,0,age,3,1
f6e6b9b1bff24a39970e61b1048d8da0,0,age,4,0
f6e6b9b1bff24a39970e61b1048d8da0,0,age,5,0
f6e6b9b1bff24a39970e61b1048d8da0,0,age,6,0
f6e6b9b1bff24a39970e61b1048d8da0,0,age,7,0
f6e6b9b1bff24a39970e61b1048d8da0,0,gender,1,0
f6e6b9b1bff24a39970e61b1048d8da0,0,gender,2,1
f6e6b9b1bff24a39970e61b1048d8da0,0,gender,3,0
f6e6b9b1bff24a39970e61b1048d8da0,0,gender,4,0
f6e6b9b1bff24a39970e61b1048d8da0,0,gender,5,0
f6e6b9b1bff24a39970e61b1048d8da0,0,gender,6,0
f6e6b9b1bff24a39970e61b1048d8da0,0,gender,7,0
5a11b7d975f04db18310df7425ca553d,0,age,1,0
5a11b7d975f04db18310df7425ca553d,0,age,2,1
5a11b7d975f04db18310df7425ca553d,0,age,3,0
5a11b7d975f04db18310df7425ca553d,0,age,4,0
5a11b7d975f04db18310df7425ca553d,0,age,5,0
5a11b7d975f04db18310df7425ca553d,0,age,6,0
5a11b7d975f04db18310df7425ca553d,0,age,7,0
5a11b7d975f04db18310df7425ca553d,0,gender,1,0
5a11b7d975f04db18310df7425ca553d,0,gender,2,1
5a11b7d975f04db18310df7425ca553d,0,gender,3,0
5a11b7d975f04db18310df7425ca553d,0,gender,4,0
5a11b7d975f04db18310df7425ca553d,0,gender,5,0
5a11b7d975f04db18310df7425ca553d,0,gender,6,0
5a11b7d975f04db18310df7425ca553d,0,gender,7,0
