userId,group,itemNo,responseNo,checked
a0c1b5a9552e4c3b92e5440cd8362ee7,0,0,1,1
a0c1b5a9552e4c3b92e5440cd8362ee7,0,0,2,1
a0c1b5a9552e4c3b92e5440cd8362ee7,0,0,3,0
a0c1b5a9552e4c3b92e5440cd8362ee7,0,0,4,0
a0c1b5a9552e4c3b92e5440cd8362ee7,0,0,5,1
a0c1b5a9552e4c3b92e5440cd8362ee7,0,0,6,0
a0c1b5a9552e4c3b92e5440cd8362ee7,0,1,1,0
a0c1b5a9552e4c3b92e5440cd8362ee7,0,1,2,0
a0c1b5a9552e4c3b92e5440cd8362ee7,0,1,3,1
a0c1b5a9552e4c3b92e5440cd8362ee7,0,1,4,1
a0c1b5a9552e4c3b92e5440cd8362ee7,0,1,5,0
a0c1b5a9552e4c3b92e5440cd8362ee7,0,1,6,0
a0c1b5a9552e4c3b92e5440cd8362ee7,0,2,1,0
a0c1b5a9552e4c3b92e5440cd8362ee7,0,2,2,0
a0c1b5a9552e4c3b92e5440cd8362ee7,0,2,3,0
a0c1b5a9552e4c3b92e5440cd8362ee7,0,2,4,1
a0c1b5a9552e4c3b92e5440cd8362ee7,0,2,5,0
a0c1b5a9552e4c3b92e5440cd8362ee7,0,2,6,0
a0c1b5a9552e4c3b92e5440cd8362ee7,0,3,1,0
a0c1b5a9552e4c3b92e5440cd8362ee7,0,3,2,0
a0c1b5a9552e4c3b92e5440cd8362ee7,0,3,3,0
a0c1b5a9552e4c3b92e5440cd8362ee7,0,3,4,1
a0c1b5a9552e4c3b92e5440cd8362ee7,0,3,5,0
a0c1b5a9552e4c3b92e5440cd8362ee7,0,3,6,0
a0c1b5a9552e4c3b92e5440cd8362ee7,0,4,1,0
a0c1b5a9552e4c3b92e5440cd8362ee7,0,4,2,0
a0c1b5a9552e4c3b92e5440cd8362ee7,0,4,3,0
a0c1b5a9552e4c3b92e5440cd8362ee7,0,4,4,1
a0c1b5a9552e4c3b92e5440cd8362ee7,0,4,5,0
a0c1b5a9552e4c3b92e5440cd8362ee7,0,4,6,0
a0c1b5a9552e4c3b92e5440cd8362ee7,0,5,1,0
a0c1b5a9552e4c3b92e5440cd8362ee7,0,5,2,0
a0c1b5a9552e4c3b92e5440cd8362ee7,0,5,3,0
a0c1b5a9552e4c3b92e5440cd8362ee7,0,5,4,1
a0c1b5a9552e4c3b92e5440cd8362ee7,0,5,5,0
a0c1b5a9552e4c3b92e5440cd8362ee7,0,5,6,0
a0c1b5a9552e4c3b92e5440cd8362ee7,0,7,1,0
a0c1b5a9552e4c3b92e5440cd8362ee7,0,7,2,0
a0c1b5a9552e4c3b92e5440cd8362ee7,0,7,3,1
a0c1b5a9552e4c3b92e5440cd8362ee7,0,7,4,0
a0c1b5a9552e4c3b92e5440cd8362ee7,0,7,5,0
a0c1b5a9552e4c3b92e5440cd8362ee7,0,7,6,0
a0c1b5a9552e4c3b92e5440cd8362ee7,0,6,1,0
a0c1b5a9552e4c3b92e5440cd8362ee7,0,6,2,0
a0c1b5a9552e4c3b92e5440cd8362ee7,0,6,3,0
a0c1b5a9552e4c3b92e5440cd8362ee7,0,6,4,0
a0c1b5a9552e4c3b92e5440cd8362ee7,0,6,5,0
a0c1b5a9552e4c3b92e5440cd8362ee7,0,6,6,1
a0c1b5a9552e4c3b92e5440cd8362ee7,0,8,1,0
a0c1b5a9552e4c3b92e5440cd8362ee7,0,8,2,0
a0c1b5a9552e4c3b92e5440cd8362ee7,0,8,3,0
a0c1b5a9552e4c3b92e5440cd8362ee7,0,8,4,1
a0c1b5a9552e4c3b92e5440cd8362ee7,0,8,5,0
a0c1b5a9552e4c3b92e5440cd8362ee7,0,8,6,0
a0c1b5a9552e4c3b92e5440cd8362ee7,0,9,1,0
a0c1b5a9552e4c3b92e5440cd8362ee7,0,9,2,0
a0c1b5a9552e4c3b92e5440cd8362ee7,0,9,3,0
a0c1b5a9552e4c3b92e5440cd8362ee7,0,9,4,1
a0c1b5a9552e4c3b92e5440cd8362ee7,0,9,5,0
a0c1b5a9552e4c3b92e5440cd8362ee7,0,9,6,0
e11fd51ee4cf4f90a090138d0daa26c5,0,0,1,0
e11fd51ee4cf4f90a090138d0daa26c5,0,0,2,1
e11fd51ee4cf4f90a090138d0daa26c5,0,0,3,1
e11fd51ee4cf4f90a090138d0daa26c5,0,0,4,1
e11fd51ee4cf4f90a090138d0daa26c5,0,0,5,0
e11fd51ee4cf4f90a090138d0daa26c5,0,0,6,0
e11fd51ee4cf4f90a090138d0daa26c5,0,1,1,1
e11fd51ee4cf4f90a090138d0daa26c5,0,1,2,0
e11fd51ee4cf4f90a090138d0daa26c5,0,1,3,0
e11fd51ee4cf4f90a090138d0daa26c5,0,1,4,0
e11fd51ee4cf4f90a090138d0daa26c5,0,1,5,1
e11fd51ee4cf4f90a090138d0daa26c5,0,1,6,0
67902ecb09454c9fa106f613aeb00e3b,1,0,1,0
67902ecb09454c9fa106f613aeb00e3b,1,0,2,0
67902ecb09454c9fa106f613aeb00e3b,1,0,3,0
67902ecb09454c9fa106f613aeb00e3b,1,0,4,0
67902ecb09454c9fa106f613aeb00e3b,1,0,5,1
67902ecb09454c9fa106f613aeb00e3b,1,0,6,0
67902ecb09454c9fa106f613aeb00e3b,1,1,1,1
67902ecb09454c9fa106f613aeb00e3b,1,1,2,0
67902ecb09454c9fa106f613aeb00e3b,1,1,3,0
67902ecb09454c9fa106f613aeb00e3b,1,1,4,0
67902ecb09454c9fa106f613aeb00e3b,1,1,5,0
67902ecb09454c9fa106f613aeb00e3b,1,1,6,0
e11fd51ee4cf4f90a090138d0daa26c5,0,2,1,0
e11fd51ee4cf4f90a090138d0daa26c5,0,2,2,0
e11fd51ee4cf4f90a090138d0daa26c5,0,2,3,0
e11fd51ee4cf4f90a090138d0daa26c5,0,2,4,1
e11fd51ee4cf4f90a090138d0daa26c5,0,2,5,0
e11fd51ee4cf4f90a090138d0daa26c5,0,2,6,0
e11fd51ee4cf4f90a090138d0daa26c5,0,3,1,0
e11fd51ee4cf4f90a090138d0daa26c5,0,3,2,1
e11fd51ee4cf4f90a090138d0daa26c5,0,3,3,0
e11fd51ee4cf4f90a090138d0daa26c5,0,3,4,0
e11fd51ee4cf4f90a090138d0daa26c5,0,3,5,0
e11fd51ee4cf4f90a090138d0daa26c5,0,3,6,0
e11fd51ee4cf4f90a090138d0daa26c5,0,4,1,0
e11fd51ee4cf4f90a090138d0daa26c5,0,4,2,0
e11fd51ee4cf4f90a090138d0daa26c5,0,4,3,0
e11fd51ee4cf4f90a090138d0daa26c5,0,4,4,0
e11fd51ee4cf4f90a090138d0daa26c5,0,4,5,1
e11fd51ee4cf4f90a090138d0daa26c5,0,4,6,0
67902ecb09454c9fa106f613aeb00e3b,1,2,1,0
67902ecb09454c9fa106f613aeb00e3b,1,2,2,0
67902ecb09454c9fa106f613aeb00e3b,1,2,3,1
67902ecb09454c9fa106f613aeb00e3b,1,2,4,0
67902ecb09454c9fa106f613aeb00e3b,1,2,5,0
67902ecb09454c9fa106f613aeb00e3b,1,2,6,0
67902ecb09454c9fa106f613aeb00e3b,1,3,1,0
67902ecb09454c9fa106f613aeb00e3b,1,3,2,0
67902ecb09454c9fa106f613aeb00e3b,1,3,3,0
67902ecb09454c9fa106f613aeb00e3b,1,3,4,1
67902ecb09454c9fa106f613aeb00e3b,1,3,5,0
67902ecb09454c9fa106f613aeb00e3b,1,3,6,0
67902ecb09454c9fa106f613aeb00e3b,1,4,1,0
67902ecb09454c9fa106f613aeb00e3b,1,4,2,1
67902ecb09454c9fa106f613aeb00e3b,1,4,3,0
67902ecb09454c9fa106f613aeb00e3b,1,4,4,0
67902ecb09454c9fa106f613aeb00e3b,1,4,5,0
67902ecb09454c9fa106f613aeb00e3b,1,4,6,0
e11fd51ee4cf4f90a090138d0daa26c5,0,5,1,0
e11fd51ee4cf4f90a090138d0daa26c5,0,5,2,0
e11fd51ee4cf4f90a090138d0daa26c5,0,5,3,0
e11fd51ee4cf4f90a090138d0daa26c5,0,5,4,1
e11fd51ee4cf4f90a090138d0daa26c5,0,5,5,0
e11fd51ee4cf4f90a090138d0daa26c5,0,5,6,0
e11fd51ee4cf4f90a090138d0daa26c5,0,6,1,0
e11fd51ee4cf4f90a090138d0daa26c5,0,6,2,0
e11fd51ee4cf4f90a090138d0daa26c5,0,6,3,0
e11fd51ee4cf4f90a090138d0daa26c5,0,6,4,0
e11fd51ee4cf4f90a090138d0daa26c5,0,6,5,0
e11fd51ee4cf4f90a090138d0daa26c5,0,6,6,1
e11fd51ee4cf4f90a090138d0daa26c5,0,7,1,0
e11fd51ee4cf4f90a090138d0daa26c5,0,7,2,1
e11fd51ee4cf4f90a090138d0daa26c5,0,7,3,0
e11fd51ee4cf4f90a090138d0daa26c5,0,7,4,0
e11fd51ee4cf4f90a090138d0daa26c5,0,7,5,0
e11fd51ee4cf4f90a090138d0daa26c5,0,7,6,0
e11fd51ee4cf4f90a090138d0daa26c5,0,8,1,0
e11fd51ee4cf4f90a090138d0daa26c5,0,8,2,0
e11fd51ee4cf4f90a090138d0daa26c5,0,8,3,1
e11fd51ee4cf4f90a090138d0daa26c5,0,8,4,0
e11fd51ee4cf4f90a090138d0daa26c5,0,8,5,0
e11fd51ee4cf4f90a090138d0daa26c5,0,8,6,0
e11fd51ee4cf4f90a090138d0daa26c5,0,9,1,0
e11fd51ee4cf4f90a090138d0daa26c5,0,9,2,0
e11fd51ee4cf4f90a090138d0daa26c5,0,9,3,0
e11fd51ee4cf4f90a090138d0daa26c5,0,9,4,1
e11fd51ee4cf4f90a090138d0daa26c5,0,9,5,0
e11fd51ee4cf4f90a090138d0daa26c5,0,9,6,0
67902ecb09454c9fa106f613aeb00e3b,1,5,1,0
67902ecb09454c9fa106f613aeb00e3b,1,5,2,1
67902ecb09454c9fa106f613aeb00e3b,1,5,3,0
67902ecb09454c9fa106f613aeb00e3b,1,5,4,0
67902ecb09454c9fa106f613aeb00e3b,1,5,5,0
67902ecb09454c9fa106f613aeb00e3b,1,5,6,0
67902ecb09454c9fa106f613aeb00e3b,1,6,1,0
67902ecb09454c9fa106f613aeb00e3b,1,6,2,0
67902ecb09454c9fa106f613aeb00e3b,1,6,3,0
67902ecb09454c9fa106f613aeb00e3b,1,6,4,0
67902ecb09454c9fa106f613aeb00e3b,1,6,5,0
67902ecb09454c9fa106f613aeb00e3b,1,6,6,1
67902ecb09454c9fa106f613aeb00e3b,1,7,1,0
67902ecb09454c9fa106f613aeb00e3b,1,7,2,0
67902ecb09454c9fa106f613aeb00e3b,1,7,3,1
67902ecb09454c9fa106f613aeb00e3b,1,7,4,0
67902ecb09454c9fa106f613aeb00e3b,1,7,5,0
67902ecb09454c9fa106f613aeb00e3b,1,7,6,0
67902ecb09454c9fa106f613aeb00e3b,1,8,1,0
67902ecb09454c9fa106f613aeb00e3b,1,8,2,0
67902ecb09454c9fa106f613aeb00e3b,1,8,3,0
67902ecb09454c9fa106f613aeb00e3b,1,8,4,1
67902ecb09454c9fa106f613aeb00e3b,1,8,5,0
67902ecb09454c9fa106f613aeb00e3b,1,8,6,0
67902ecb09454c9fa106f613aeb00e3b,1,9,1,0
67902ecb09454c9fa106f613aeb00e3b,1,9,2,0
67902ecb09454c9fa106f613aeb00e3b,1,9,3,1
67902ecb09454c9fa106f613aeb00e3b,1,9,4,0
67902ecb09454c9fa106f613aeb00e3b,1,9,5,0
67902ecb09454c9fa106f613aeb00e3b,1,9,6,0
9d673a6ed17042b88756047944809447,1,0,1,0
9d673a6ed17042b88756047944809447,1,0,2,0
9d673a6ed17042b88756047944809447,1,0,3,0
9d673a6ed17042b88756047944809447,1,0,4,0
9d673a6ed17042b88756047944809447,1,0,5,0
9d673a6ed17042b88756047944809447,1,0,6,1
9d673a6ed17042b88756047944809447,1,1,1,0
9d673a6ed17042b88756047944809447,1,1,2,0
9d673a6ed17042b88756047944809447,1,1,3,1
9d673a6ed17042b88756047944809447,1,1,4,1
9d673a6ed17042b88756047944809447,1,1,5,0
9d673a6ed17042b88756047944809447,1,1,6,0
9d673a6ed17042b88756047944809447,1,2,1,0
9d673a6ed17042b88756047944809447,1,2,2,1
9d673a6ed17042b88756047944809447,1,2,3,0
9d673a6ed17042b88756047944809447,1,2,4,0
9d673a6ed17042b88756047944809447,1,2,5,0
9d673a6ed17042b88756047944809447,1,2,6,0
9d673a6ed17042b88756047944809447,1,3,1,0
9d673a6ed17042b88756047944809447,1,3,2,0
9d673a6ed17042b88756047944809447,1,3,3,0
9d673a6ed17042b88756047944809447,1,3,4,1
9d673a6ed17042b88756047944809447,1,3,5,0
9d673a6ed17042b88756047944809447,1,3,6,0
9d673a6ed17042b88756047944809447,1,4,1,1
9d673a6ed17042b88756047944809447,1,4,2,0
9d673a6ed17042b88756047944809447,1,4,3,0
9d673a6ed17042b88756047944809447,1,4,4,0
9d673a6ed17042b88756047944809447,1,4,5,0
9d673a6ed17042b88756047944809447,1,4,6,0
9d673a6ed17042b88756047944809447,1,5,1,1
9d673a6ed17042b88756047944809447,1,5,2,0
9d673a6ed17042b88756047944809447,1,5,3,0
9d673a6ed17042b88756047944809447,1,5,4,0
9d673a6ed17042b88756047944809447,1,5,5,0
9d673a6ed17042b88756047944809447,1,5,6,0
9d673a6ed17042b88756047944809447,1,6,1,0
9d673a6ed17042b88756047944809447,1,6,2,0
9d673a6ed17042b88756047944809447,1,6,3,0
9d673a6ed17042b88756047944809447,1,6,4,0
9d673a6ed17042b88756047944809447,1,6,5,0
9d673a6ed17042b88756047944809447,1,6,6,1
9d673a6ed17042b88756047944809447,1,7,1,0
9d673a6ed17042b88756047944809447,1,7,2,0
9d673a6ed17042b88756047944809447,1,7,3,0
9d673a6ed17042b88756047944809447,1,7,4,1
9d673a6ed17042b88756047944809447,1,7,5,0
9d673a6ed17042b88756047944809447,1,7,6,0
9d673a6ed17042b88756047944809447,1,9,1,0
9d673a6ed17042b88756047944809447,1,9,2,0
9d673a6ed17042b88756047944809447,1,9,3,1
9d673a6ed17042b88756047944809447,1,9,4,0
9d673a6ed17042b88756047944809447,1,9,5,0
9d673a6ed17042b88756047944809447,1,9,6,0
9d673a6ed17042b88756047944809447,1,8,1,0
9d673a6ed17042b88756047944809447,1,8,2,1
9d673a6ed17042b88756047944809447,1,8,3,0
9d673a6ed17042b88756047944809447,1,8,4,0
9d673a6ed17042b88756047944809447,1,8,5,0
9d673a6ed17042b88756047944809447,1,8,6,0
4dd8f62dc0ff4caebca68f0dbc48accc,1,0,1,0
4dd8f62dc0ff4caebca68f0dbc48accc,1,0,2,0
4dd8f62dc0ff4caebca68f0dbc48accc,1,0,3,0
4dd8f62dc0ff4caebca68f0dbc48accc,1,0,4,1
4dd8f62dc0ff4caebca68f0dbc48accc,1,0,5,1
4dd8f62dc0ff4caebca68f0dbc48accc,1,0,6,0
4dd8f62dc0ff4caebca68f0dbc48accc,1,1,1,1
4dd8f62dc0ff4caebca68f0dbc48accc,1,1,2,1
4dd8f62dc0ff4caebca68f0dbc48accc,1,1,3,1
4dd8f62dc0ff4caebca68f0dbc48accc,1,1,4,0
4dd8f62dc0ff4caebca68f0dbc48accc,1,1,5,0
4dd8f62dc0ff4caebca68f0dbc48accc,1,1,6,0
4dd8f62dc0ff4caebca68f0dbc48accc,1,2,1,0
4dd8f62dc0ff4caebca68f0dbc48accc,1,2,2,0
4dd8f62dc0ff4caebca68f0dbc48accc,1,2,3,0
4dd8f62dc0ff4caebca68f0dbc48accc,1,2,4,1
4dd8f62dc0ff4caebca68f0dbc48accc,1,2,5,0
4dd8f62dc0ff4caebca68f0dbc48accc,1,2,6,0
4dd8f62dc0ff4caebca68f0dbc48accc,1,3,1,0
4dd8f62dc0ff4caebca68f0dbc48accc,1,3,2,0
4dd8f62dc0ff4caebca68f0dbc48accc,1,3,3,0
4dd8f62dc0ff4caebca68f0dbc48accc,1,3,4,1
4dd8f62dc0ff4caebca68f0dbc48accc,1,3,5,0
4dd8f62dc0ff4caebca68f0dbc48accc,1,3,6,0
4dd8f62dc0ff4caebca68f0dbc48accc,1,4,1,0
4dd8f62dc0ff4caebca68f0dbc48accc,1,4,2,0
4dd8f62dc0ff4caebca68f0dbc48accc,1,4,3,0
4dd8f62dc0ff4caebca68f0dbc48accc,1,4,4,1
4dd8f62dc0ff4caebca68f0dbc48accc,1,4,5,0
4dd8f62dc0ff4caebca68f0dbc48accc,1,4,6,0
4dd8f62dc0ff4caebca68f0dbc48accc,1,5,1,0
4dd8f62dc0ff4caebca68f0dbc48accc,1,5,2,0
4dd8f62dc0ff4caebca68f0dbc48accc,1,5,3,0
4dd8f62dc0ff4caebca68f0dbc48accc,1,5,4,1
4dd8f62dc0ff4caebca68f0dbc48accc,1,5,5,0
4dd8f62dc0ff4caebca68f0dbc48accc,1,5,6,0
4dd8f62dc0ff4caebca68f0dbc48accc,1,6,1,0
4dd8f62dc0ff4caebca68f0dbc48accc,1,6,2,0
4dd8f62dc0ff4caebca68f0dbc48accc,1,6,3,0
4dd8f62dc0ff4caebca68f0dbc48accc,1,6,4,0
4dd8f62dc0ff4caebca68f0dbc48accc,1,6,5,0
4dd8f62dc0ff4caebca68f0dbc48accc,1,6,6,1
4dd8f62dc0ff4caebca68f0dbc48accc,1,7,1,0
4dd8f62dc0ff4caebca68f0dbc48accc,1,7,2,1
4dd8f62dc0ff4caebca68f0dbc48accc,1,7,3,0
4dd8f62dc0ff4caebca68f0dbc48accc,1,7,4,0
4dd8f62dc0ff4caebca68f0dbc48accc,1,7,5,0
4dd8f62dc0ff4caebca68f0dbc48accc,1,7,6,0
4dd8f62dc0ff4caebca68f0dbc48accc,1,8,1,0
4dd8f62dc0ff4caebca68f0dbc48accc,1,8,2,0
4dd8f62dc0ff4caebca68f0dbc48accc,1,8,3,0
4dd8f62dc0ff4caebca68f0dbc48accc,1,8,4,1
4dd8f62dc0ff4caebca68f0dbc48accc,1,8,5,0
4dd8f62dc0ff4caebca68f0dbc48accc,1,8,6,0
4dd8f62dc0ff4caebca68f0dbc48accc,1,9,1,0
4dd8f62dc0ff4caebca68f0dbc48accc,1,9,2,0
4dd8f62dc0ff4caebca68f0dbc48accc,1,9,3,0
4dd8f62dc0ff4caebca68f0dbc48accc,1,9,4,1
4dd8f62dc0ff4caebca68f0dbc48accc,1,9,5,0
4dd8f62dc0ff4caebca68f0dbc48accc,1,9,6,0
f745453fc9644f179c88b411066a437e,1,1,1,0
f745453fc9644f179c88b411066a437e,1,1,2,0
f745453fc9644f179c88b411066a437e,1,1,3,0
f745453fc9644f179c88b411066a437e,1,1,4,0
f745453fc9644f179c88b411066a437e,1,1,5,0
f745453fc9644f179c88b411066a437e,1,1,6,1
f745453fc9644f179c88b411066a437e,1,0,1,0
f745453fc9644f179c88b411066a437e,1,0,2,0
f745453fc9644f179c88b411066a437e,1,0,3,0
f745453fc9644f179c88b411066a437e,1,0,4,0
f745453fc9644f179c88b411066a437e,1,0,5,1
f745453fc9644f179c88b411066a437e,1,0,6,0
f745453fc9644f179c88b411066a437e,1,3,1,0
f745453fc9644f179c88b411066a437e,1,3,2,1
f745453fc9644f179c88b411066a437e,1,3,3,0
f745453fc9644f179c88b411066a437e,1,3,4,0
f745453fc9644f179c88b411066a437e,1,3,5,0
f745453fc9644f179c88b411066a437e,1,3,6,0
f745453fc9644f179c88b411066a437e,1,2,1,0
f745453fc9644f179c88b411066a437e,1,2,2,0
f745453fc9644f179c88b411066a437e,1,2,3,1
f745453fc9644f179c88b411066a437e,1,2,4,0
f745453fc9644f179c88b411066a437e,1,2,5,0
f745453fc9644f179c88b411066a437e,1,2,6,0
f745453fc9644f179c88b411066a437e,1,4,1,0
f745453fc9644f179c88b411066a437e,1,4,2,0
f745453fc9644f179c88b411066a437e,1,4,3,0
f745453fc9644f179c88b411066a437e,1,4,4,1
f745453fc9644f179c88b411066a437e,1,4,5,0
f745453fc9644f179c88b411066a437e,1,4,6,0
f745453fc9644f179c88b411066a437e,1,5,1,0
f745453fc9644f179c88b411066a437e,1,5,2,0
f745453fc9644f179c88b411066a437e,1,5,3,0
f745453fc9644f179c88b411066a437e,1,5,4,1
f745453fc9644f179c88b411066a437e,1,5,5,0
f745453fc9644f179c88b411066a437e,1,5,6,0
f745453fc9644f179c88b411066a437e,1,6,1,0
f745453fc9644f179c88b411066a437e,1,6,2,0
f745453fc9644f179c88b411066a437e,1,6,3,0
f745453fc9644f179c88b411066a437e,1,6,4,0
f745453fc9644f179c88b411066a437e,1,6,5,0
f745453fc9644f179c88b411066a437e,1,6,6,1
f745453fc9644f179c88b411066a437e,1,7,1,0
f745453fc9644f179c88b411066a437e,1,7,2,0
f745453fc9644f179c88b411066a437e,1,7,3,0
f745453fc9644f179c88b411066a437e,1,7,4,1
f745453fc9644f179c88b411066a437e,1,7,5,0
f745453fc9644f179c88b411066a437e,1,7,6,0
f745453fc9644f179c88b411066a437e,1,8,1,0
f745453fc9644f179c88b411066a437e,1,8,2,0
f745453fc9644f179c88b411066a437e,1,8,3,1
f745453fc9644f179c88b411066a437e,1,8,4,0
f745453fc9644f179c88b411066a437e,1,8,5,0
f745453fc9644f179c88b411066a437e,1,8,6,0
f745453fc9644f179c88b411066a437e,1,9,1,0
f745453fc9644f179c88b411066a437e,1,9,2,0
f745453fc9644f179c88b411066a437e,1,9,3,1
f745453fc9644f179c88b411066a437e,1,9,4,0
f745453fc9644f179c88b411066a437e,1,9,5,0
f745453fc9644f179c88b411066a437e,1,9,6,0
cf057adf72e7419a8a50bf0c521c5cf6,1,1,1,1
cf057adf72e7419a8a50bf0c521c5cf6,1,1,2,1
cf057adf72e7419a8a50bf0c521c5cf6,1,1,3,1
cf057adf72e7419a8a50bf0c521c5cf6,1,1,4,0
cf057adf72e7419a8a50bf0c521c5cf6,1,1,5,0
cf057adf72e7419a8a50bf0c521c5cf6,1,1,6,0
cf057adf72e7419a8a50bf0c521c5cf6,1,0,1,1
cf057adf72e7419a8a50bf0c521c5cf6,1,0,2,1
cf057adf72e7419a8a50bf0c521c5cf6,1,0,3,1
cf057adf72e7419a8a50bf0c521c5cf6,1,0,4,1
cf057adf72e7419a8a50bf0c521c5cf6,1,0,5,1
cf057adf72e7419a8a50bf0c521c5cf6,1,0,6,0
cf057adf72e7419a8a50bf0c521c5cf6,1,3,1,0
cf057adf72e7419a8a50bf0c521c5cf6,1,3,2,0
cf057adf72e7419a8a50bf0c521c5cf6,1,3,3,0
cf057adf72e7419a8a50bf0c521c5cf6,1,3,4,1
cf057adf72e7419a8a50bf0c521c5cf6,1,3,5,0
cf057adf72e7419a8a50bf0c521c5cf6,1,3,6,0
cf057adf72e7419a8a50bf0c521c5cf6,1,2,1,0
cf057adf72e7419a8a50bf0c521c5cf6,1,2,2,0
cf057adf72e7419a8a50bf0c521c5cf6,1,2,3,1
cf057adf72e7419a8a50bf0c521c5cf6,1,2,4,0
cf057adf72e7419a8a50bf0c521c5cf6,1,2,5,0
cf057adf72e7419a8a50bf0c521c5cf6,1,2,6,0
cf057adf72e7419a8a50bf0c521c5cf6,1,4,1,0
cf057adf72e7419a8a50bf0c521c5cf6,1,4,2,0
cf057adf72e7419a8a50bf0c521c5cf6,1,4,3,0
cf057adf72e7419a8a50bf0c521c5cf6,1,4,4,1
cf057adf72e7419a8a50bf0c521c5cf6,1,4,5,0
cf057adf72e7419a8a50bf0c521c5cf6,1,4,6,0
cf057adf72e7419a8a50bf0c521c5cf6,1,5,1,0
cf057adf72e7419a8a50bf0c521c5cf6,1,5,2,0
cf057adf72e7419a8a50bf0c521c5cf6,1,5,3,1
cf057adf72e7419a8a50bf0c521c5cf6,1,5,4,0
cf057adf72e7419a8a50bf0c521c5cf6,1,5,5,0
cf057adf72e7419a8a50bf0c521c5cf6,1,5,6,0
cf057adf72e7419a8a50bf0c521c5cf6,1,6,1,0
cf057adf72e7419a8a50bf0c521c5cf6,1,6,2,0
cf057adf72e7419a8a50bf0c521c5cf6,1,6,3,0
cf057adf72e7419a8a50bf0c521c5cf6,1,6,4,0
cf057adf72e7419a8a50bf0c521c5cf6,1,6,5,0
cf057adf72e7419a8a50bf0c521c5cf6,1,6,6,1
cf057adf72e7419a8a50bf0c521c5cf6,1,8,1,0
cf057adf72e7419a8a50bf0c521c5cf6,1,8,2,0
cf057adf72e7419a8a50bf0c521c5cf6,1,8,3,1
cf057adf72e7419a8a50bf0c521c5cf6,1,8,4,0
cf057adf72e7419a8a50bf0c521c5cf6,1,8,5,0
cf057adf72e7419a8a50bf0c521c5cf6,1,8,6,0
cf057adf72e7419a8a50bf0c521c5cf6,1,9,1,0
cf057adf72e7419a8a50bf0c521c5cf6,1,9,2,0
cf057adf72e7419a8a50bf0c521c5cf6,1,9,3,0
cf057adf72e7419a8a50bf0c521c5cf6,1,9,4,1
cf057adf72e7419a8a50bf0c521c5cf6,1,9,5,0
cf057adf72e7419a8a50bf0c521c5cf6,1,9,6,0
5655c934794d4a29bc73177e33e17292,0,0,1,1
5655c934794d4a29bc73177e33e17292,0,0,2,1
5655c934794d4a29bc73177e33e17292,0,0,3,0
5655c934794d4a29bc73177e33e17292,0,0,4,1
5655c934794d4a29bc73177e33e17292,0,0,5,1
5655c934794d4a29bc73177e33e17292,0,0,6,0
5655c934794d4a29bc73177e33e17292,0,1,1,0
5655c934794d4a29bc73177e33e17292,0,1,2,0
5655c934794d4a29bc73177e33e17292,0,1,3,1
5655c934794d4a29bc73177e33e17292,0,1,4,0
5655c934794d4a29bc73177e33e17292,0,1,5,0
5655c934794d4a29bc73177e33e17292,0,1,6,0
cf057adf72e7419a8a50bf0c521c5cf6,1,7,1,0
cf057adf72e7419a8a50bf0c521c5cf6,1,7,2,0
cf057adf72e7419a8a50bf0c521c5cf6,1,7,3,1
cf057adf72e7419a8a50bf0c521c5cf6,1,7,4,0
cf057adf72e7419a8a50bf0c521c5cf6,1,7,5,0
cf057adf72e7419a8a50bf0c521c5cf6,1,7,6,0
5655c934794d4a29bc73177e33e17292,0,2,1,0
5655c934794d4a29bc73177e33e17292,0,2,2,0
5655c934794d4a29bc73177e33e17292,0,2,3,0
5655c934794d4a29bc73177e33e17292,0,2,4,1
5655c934794d4a29bc73177e33e17292,0,2,5,0
5655c934794d4a29bc73177e33e17292,0,2,6,0
5655c934794d4a29bc73177e33e17292,0,3,1,0
5655c934794d4a29bc73177e33e17292,0,3,2,0
5655c934794d4a29bc73177e33e17292,0,3,3,0
5655c934794d4a29bc73177e33e17292,0,3,4,1
5655c934794d4a29bc73177e33e17292,0,3,5,0
5655c934794d4a29bc73177e33e17292,0,3,6,0
5655c934794d4a29bc73177e33e17292,0,4,1,0
5655c934794d4a29bc73177e33e17292,0,4,2,0
5655c934794d4a29bc73177e33e17292,0,4,3,0
5655c934794d4a29bc73177e33e17292,0,4,4,0
5655c934794d4a29bc73177e33e17292,0,4,5,1
5655c934794d4a29bc73177e33e17292,0,4,6,0
5655c934794d4a29bc73177e33e17292,0,5,1,0
5655c934794d4a29bc73177e33e17292,0,5,2,0
5655c934794d4a29bc73177e33e17292,0,5,3,0
5655c934794d4a29bc73177e33e17292,0,5,4,1
5655c934794d4a29bc73177e33e17292,0,5,5,0
5655c934794d4a29bc73177e33e17292,0,5,6,0
5655c934794d4a29bc73177e33e17292,0,6,1,0
5655c934794d4a29bc73177e33e17292,0,6,2,0
5655c934794d4a29bc73177e33e17292,0,6,3,0
5655c934794d4a29bc73177e33e17292,0,6,4,0
5655c934794d4a29bc73177e33e17292,0,6,5,0
5655c934794d4a29bc73177e33e17292,0,6,6,1
5655c934794d4a29bc73177e33e17292,0,7,1,0
5655c934794d4a29bc73177e33e17292,0,7,2,1
5655c934794d4a29bc73177e33e17292,0,7,3,0
5655c934794d4a29bc73177e33e17292,0,7,4,0
5655c934794d4a29bc73177e33e17292,0,7,5,0
5655c934794d4a29bc73177e33e17292,0,7,6,0
5655c934794d4a29bc73177e33e17292,0,8,1,0
5655c934794d4a29bc73177e33e17292,0,8,2,0
5655c934794d4a29bc73177e33e17292,0,8,3,0
5655c934794d4a29bc73177e33e17292,0,8,4,0
5655c934794d4a29bc73177e33e17292,0,8,5,1
5655c934794d4a29bc73177e33e17292,0,8,6,0
5655c934794d4a29bc73177e33e17292,0,9,1,0
5655c934794d4a29bc73177e33e17292,0,9,2,0
5655c934794d4a29bc73177e33e17292,0,9,3,0
5655c934794d4a29bc73177e33e17292,0,9,4,0
5655c934794d4a29bc73177e33e17292,0,9,5,1
5655c934794d4a29bc73177e33e17292,0,9,6,0
6edb792de08b48658196002a446ce735,0,0,1,1
6edb792de08b48658196002a446ce735,0,0,2,0
6edb792de08b48658196002a446ce735,0,0,3,0
6edb792de08b48658196002a446ce735,0,0,4,0
6edb792de08b48658196002a446ce735,0,0,5,0
6edb792de08b48658196002a446ce735,0,0,6,0
6edb792de08b48658196002a446ce735,0,1,1,0
6edb792de08b48658196002a446ce735,0,1,2,0
6edb792de08b48658196002a446ce735,0,1,3,0
6edb792de08b48658196002a446ce735,0,1,4,1
6edb792de08b48658196002a446ce735,0,1,5,0
6edb792de08b48658196002a446ce735,0,1,6,0
6edb792de08b48658196002a446ce735,0,2,1,0
6edb792de08b48658196002a446ce735,0,2,2,0
6edb792de08b48658196002a446ce735,0,2,3,0
6edb792de08b48658196002a446ce735,0,2,4,0
6edb792de08b48658196002a446ce735,0,2,5,1
6edb792de08b48658196002a446ce735,0,2,6,0
6edb792de08b48658196002a446ce735,0,3,1,0
6edb792de08b48658196002a446ce735,0,3,2,0
6edb792de08b48658196002a446ce735,0,3,3,0
6edb792de08b48658196002a446ce735,0,3,4,1
6edb792de08b48658196002a446ce735,0,3,5,0
6edb792de08b48658196002a446ce735,0,3,6,0
6edb792de08b48658196002a446ce735,0,4,1,0
6edb792de08b48658196002a446ce735,0,4,2,0
6edb792de08b48658196002a446ce735,0,4,3,1
6edb792de08b48658196002a446ce735,0,4,4,0
6edb792de08b48658196002a446ce735,0,4,5,0
6edb792de08b48658196002a446ce735,0,4,6,0
6edb792de08b48658196002a446ce735,0,6,1,0
6edb792de08b48658196002a446ce735,0,6,2,0
6edb792de08b48658196002a446ce735,0,6,3,0
6edb792de08b48658196002a446ce735,0,6,4,0
6edb792de08b48658196002a446ce735,0,6,5,0
6edb792de08b48658196002a446ce735,0,6,6,1
6edb792de08b48658196002a446ce735,0,5,1,0
6edb792de08b48658196002a446ce735,0,5,2,0
6edb792de08b48658196002a446ce735,0,5,3,0
6edb792de08b48658196002a446ce735,0,5,4,1
6edb792de08b48658196002a446ce735,0,5,5,0
6edb792de08b48658196002a446ce735,0,5,6,0
6edb792de08b48658196002a446ce735,0,7,1,0
6edb792de08b48658196002a446ce735,0,7,2,0
6edb792de08b48658196002a446ce735,0,7,3,0
6edb792de08b48658196002a446ce735,0,7,4,1
6edb792de08b48658196002a446ce735,0,7,5,0
6edb792de08b48658196002a446ce735,0,7,6,0
6edb792de08b48658196002a446ce735,0,8,1,0
6edb792de08b48658196002a446ce735,0,8,2,0
6edb792de08b48658196002a446ce735,0,8,3,0
6edb792de08b48658196002a446ce735,0,8,4,1
6edb792de08b48658196002a446ce735,0,8,5,0
6edb792de08b48658196002a446ce735,0,8,6,0
6edb792de08b48658196002a446ce735,0,9,1,0
6edb792de08b48658196002a446ce735,0,9,2,0
6edb792de08b48658196002a446ce735,0,9,3,1
6edb792de08b48658196002a446ce735,0,9,4,0
6edb792de08b48658196002a446ce735,0,9,5,0
6edb792de08b48658196002a446ce735,0,9,6,0
63200c7746d141bf979ecf847d4c093a,1,0,1,0
63200c7746d141bf979ecf847d4c093a,1,0,2,1
63200c7746d141bf979ecf847d4c093a,1,0,3,1
63200c7746d141bf979ecf847d4c093a,1,0,4,0
63200c7746d141bf979ecf847d4c093a,1,0,5,1
63200c7746d141bf979ecf847d4c093a,1,0,6,0
63200c7746d141bf979ecf847d4c093a,1,1,1,1
63200c7746d141bf979ecf847d4c093a,1,1,2,0
63200c7746d141bf979ecf847d4c093a,1,1,3,0
63200c7746d141bf979ecf847d4c093a,1,1,4,1
63200c7746d141bf979ecf847d4c093a,1,1,5,0
63200c7746d141bf979ecf847d4c093a,1,1,6,0
63200c7746d141bf979ecf847d4c093a,1,3,1,0
63200c7746d141bf979ecf847d4c093a,1,3,2,0
63200c7746d141bf979ecf847d4c093a,1,3,3,1
63200c7746d141bf979ecf847d4c093a,1,3,4,0
63200c7746d141bf979ecf847d4c093a,1,3,5,0
63200c7746d141bf979ecf847d4c093a,1,3,6,0
63200c7746d141bf979ecf847d4c093a,1,2,1,0
63200c7746d141bf979ecf847d4c093a,1,2,2,0
63200c7746d141bf979ecf847d4c093a,1,2,3,0
63200c7746d141bf979ecf847d4c093a,1,2,4,1
63200c7746d141bf979ecf847d4c093a,1,2,5,0
63200c7746d141bf979ecf847d4c093a,1,2,6,0
63200c7746d141bf979ecf847d4c093a,1,4,1,0
63200c7746d141bf979ecf847d4c093a,1,4,2,0
63200c7746d141bf979ecf847d4c093a,1,4,3,0
63200c7746d141bf979ecf847d4c093a,1,4,4,0
63200c7746d141bf979ecf847d4c093a,1,4,5,1
63200c7746d141bf979ecf847d4c093a,1,4,6,0
63200c7746d141bf979ecf847d4c093a,1,5,1,0
63200c7746d141bf979ecf847d4c093a,1,5,2,0
63200c7746d141bf979ecf847d4c093a,1,5,3,0
63200c7746d141bf979ecf847d4c093a,1,5,4,1
63200c7746d141bf979ecf847d4c093a,1,5,5,0
63200c7746d141bf979ecf847d4c093a,1,5,6,0
63200c7746d141bf979ecf847d4c093a,1,6,1,0
63200c7746d141bf979ecf847d4c093a,1,6,2,0
63200c7746d141bf979ecf847d4c093a,1,6,3,0
63200c7746d141bf979ecf847d4c093a,1,6,4,0
63200c7746d141bf979ecf847d4c093a,1,6,5,0
63200c7746d141bf979ecf847d4c093a,1,6,6,1
63200c7746d141bf979ecf847d4c093a,1,7,1,0
63200c7746d141bf979ecf847d4c093a,1,7,2,1
63200c7746d141bf979ecf847d4c093a,1,7,3,0
63200c7746d141bf979ecf847d4c093a,1,7,4,0
63200c7746d141bf979ecf847d4c093a,1,7,5,0
63200c7746d141bf979ecf847d4c093a,1,7,6,0
63200c7746d141bf979ecf847d4c093a,1,9,1,0
63200c7746d141bf979ecf847d4c093a,1,9,2,0
63200c7746d141bf979ecf847d4c093a,1,9,3,1
63200c7746d141bf979ecf847d4c093a,1,9,4,0
63200c7746d141bf979ecf847d4c093a,1,9,5,0
63200c7746d141bf979ecf847d4c093a,1,9,6,0
63200c7746d141bf979ecf847d4c093a,1,8,1,0
63200c7746d141bf979ecf847d4c093a,1,8,2,0
63200c7746d141bf979ecf847d4c093a,1,8,3,0
63200c7746d141bf979ecf847d4c093a,1,8,4,1
63200c7746d141bf979ecf847d4c093a,1,8,5,0
63200c7746d141bf979ecf847d4c093a,1,8,6,0
c3e2f5c287fb448ab92a06cf4098be36,1,0,1,1
c3e2f5c287fb448ab92a06cf4098be36,1,0,2,0
c3e2f5c287fb448ab92a06cf4098be36,1,0,3,0
c3e2f5c287fb448ab92a06cf4098be36,1,0,4,0
c3e2f5c287fb448ab92a06cf4098be36,1,0,5,1
c3e2f5c287fb448ab92a06cf4098be36,1,0,6,0
c3e2f5c287fb448ab92a06cf4098be36,1,1,1,0
c3e2f5c287fb448ab92a06cf4098be36,1,1,2,0
c3e2f5c287fb448ab92a06cf4098be36,1,1,3,1
c3e2f5c287fb448ab92a06cf4098be36,1,1,4,1
c3e2f5c287fb448ab92a06cf4098be36,1,1,5,0
c3e2f5c287fb448ab92a06cf4098be36,1,1,6,0
c3e2f5c287fb448ab92a06cf4098be36,1,2,1,0
c3e2f5c287fb448ab92a06cf4098be36,1,2,2,0
c3e2f5c287fb448ab92a06cf4098be36,1,2,3,0
c3e2f5c287fb448ab92a06cf4098be36,1,2,4,0
c3e2f5c287fb448ab92a06cf4098be36,1,2,5,1
c3e2f5c287fb448ab92a06cf4098be36,1,2,6,0
c3e2f5c287fb448ab92a06cf4098be36,1,3,1,0
c3e2f5c287fb448ab92a06cf4098be36,1,3,2,1
c3e2f5c287fb448ab92a06cf4098be36,1,3,3,0
c3e2f5c287fb448ab92a06cf4098be36,1,3,4,0
c3e2f5c287fb448ab92a06cf4098be36,1,3,5,0
c3e2f5c287fb448ab92a06cf4098be36,1,3,6,0
c3e2f5c287fb448ab92a06cf4098be36,1,4,1,0
c3e2f5c287fb448ab92a06cf4098be36,1,4,2,0
c3e2f5c287fb448ab92a06cf4098be36,1,4,3,1
c3e2f5c287fb448ab92a06cf4098be36,1,4,4,0
c3e2f5c287fb448ab92a06cf4098be36,1,4,5,0
c3e2f5c287fb448ab92a06cf4098be36,1,4,6,0
c3e2f5c287fb448ab92a06cf4098be36,1,5,1,0
c3e2f5c287fb448ab92a06cf4098be36,1,5,2,0
c3e2f5c287fb448ab92a06cf4098be36,1,5,3,0
c3e2f5c287fb448ab92a06cf4098be36,1,5,4,0
c3e2f5c287fb448ab92a06cf4098be36,1,5,5,1
c3e2f5c287fb448ab92a06cf4098be36,1,5,6,0
c3e2f5c287fb448ab92a06cf4098be36,1,6,1,0
c3e2f5c287fb448ab92a06cf4098be36,1,6,2,0
c3e2f5c287fb448ab92a06cf4098be36,1,6,3,0
c3e2f5c287fb448ab92a06cf4098be36,1,6,4,0
c3e2f5c287fb448ab92a06cf4098be36,1,6,5,0
c3e2f5c287fb448ab92a06cf4098be36,1,6,6,1
c3e2f5c287fb448ab92a06cf4098be36,1,7,1,0
c3e2f5c287fb448ab92a06cf4098be36,1,7,2,1
c3e2f5c287fb448ab92a06cf4098be36,1,7,3,0
c3e2f5c287fb448ab92a06cf4098be36,1,7,4,0
c3e2f5c287fb448ab92a06cf4098be36,1,7,5,0
c3e2f5c287fb448ab92a06cf4098be36,1,7,6,0
c3e2f5c287fb448ab92a06cf4098be36,1,8,1,0
c3e2f5c287fb448ab92a06cf4098be36,1,8,2,0
c3e2f5c287fb448ab92a06cf4098be36,1,8,3,0
c3e2f5c287fb448ab92a06cf4098be36,1,8,4,0
c3e2f5c287fb448ab92a06cf4098be36,1,8,5,1
c3e2f5c287fb448ab92a06cf4098be36,1,8,6,0
c3e2f5c287fb448ab92a06cf4098be36,1,9,1,0
c3e2f5c287fb448ab92a06cf4098be36,1,9,2,0
c3e2f5c287fb448ab92a06cf4098be36,1,9,3,0
c3e2f5c287fb448ab92a06cf4098be36,1,9,4,1
c3e2f5c287fb448ab92a06cf4098be36,1,9,5,0
c3e2f5c287fb448ab92a06cf4098be36,1,9,6,0
f2a68571350c4e5da76a88650675e9df,1,0,1,0
f2a68571350c4e5da76a88650675e9df,1,0,2,1
f2a68571350c4e5da76a88650675e9df,1,0,3,0
f2a68571350c4e5da76a88650675e9df,1,0,4,0
f2a68571350c4e5da76a88650675e9df,1,0,5,1
f2a68571350c4e5da76a88650675e9df,1,0,6,0
f2a68571350c4e5da76a88650675e9df,1,1,1,0
f2a68571350c4e5da76a88650675e9df,1,1,2,0
f2a68571350c4e5da76a88650675e9df,1,1,3,1
f2a68571350c4e5da76a88650675e9df,1,1,4,1
f2a68571350c4e5da76a88650675e9df,1,1,5,0
f2a68571350c4e5da76a88650675e9df,1,1,6,0
f2a68571350c4e5da76a88650675e9df,1,2,1,0
f2a68571350c4e5da76a88650675e9df,1,2,2,0
f2a68571350c4e5da76a88650675e9df,1,2,3,0
f2a68571350c4e5da76a88650675e9df,1,2,4,0
f2a68571350c4e5da76a88650675e9df,1,2,5,1
f2a68571350c4e5da76a88650675e9df,1,2,6,0
f2a68571350c4e5da76a88650675e9df,1,3,1,0
f2a68571350c4e5da76a88650675e9df,1,3,2,1
f2a68571350c4e5da76a88650675e9df,1,3,3,0
f2a68571350c4e5da76a88650675e9df,1,3,4,0
f2a68571350c4e5da76a88650675e9df,1,3,5,0
f2a68571350c4e5da76a88650675e9df,1,3,6,0
f2a68571350c4e5da76a88650675e9df,1,4,1,0
f2a68571350c4e5da76a88650675e9df,1,4,2,0
f2a68571350c4e5da76a88650675e9df,1,4,3,0
f2a68571350c4e5da76a88650675e9df,1,4,4,0
f2a68571350c4e5da76a88650675e9df,1,4,5,1
f2a68571350c4e5da76a88650675e9df,1,4,6,0
f2a68571350c4e5da76a88650675e9df,1,5,1,0
f2a68571350c4e5da76a88650675e9df,1,5,2,0
f2a68571350c4e5da76a88650675e9df,1,5,3,0
f2a68571350c4e5da76a88650675e9df,1,5,4,0
f2a68571350c4e5da76a88650675e9df,1,5,5,1
f2a68571350c4e5da76a88650675e9df,1,5,6,0
f2a68571350c4e5da76a88650675e9df,1,6,1,0
f2a68571350c4e5da76a88650675e9df,1,6,2,0
f2a68571350c4e5da76a88650675e9df,1,6,3,0
f2a68571350c4e5da76a88650675e9df,1,6,4,0
f2a68571350c4e5da76a88650675e9df,1,6,5,0
f2a68571350c4e5da76a88650675e9df,1,6,6,1
f2a68571350c4e5da76a88650675e9df,1,7,1,0
f2a68571350c4e5da76a88650675e9df,1,7,2,1
f2a68571350c4e5da76a88650675e9df,1,7,3,0
f2a68571350c4e5da76a88650675e9df,1,7,4,0
f2a68571350c4e5da76a88650675e9df,1,7,5,0
f2a68571350c4e5da76a88650675e9df,1,7,6,0
f2a68571350c4e5da76a88650675e9df,1,8,1,0
f2a68571350c4e5da76a88650675e9df,1,8,2,0
f2a68571350c4e5da76a88650675e9df,1,8,3,0
f2a68571350c4e5da76a88650675e9df,1,8,4,0
f2a68571350c4e5da76a88650675e9df,1,8,5,1
f2a68571350c4e5da76a88650675e9df,1,8,6,0
f2a68571350c4e5da76a88650675e9df,1,9,1,0
f2a68571350c4e5da76a88650675e9df,1,9,2,0
f2a68571350c4e5da76a88650675e9df,1,9,3,0
f2a68571350c4e5da76a88650675e9df,1,9,4,0
f2a68571350c4e5da76a88650675e9df,1,9,5,1
f2a68571350c4e5da76a88650675e9df,1,9,6,0
fac5a2ecb5424fca8ca2d3ec18ac6e8c,1,0,1,0
fac5a2ecb5424fca8ca2d3ec18ac6e8c,1,0,2,1
fac5a2ecb5424fca8ca2d3ec18ac6e8c,1,0,3,1
fac5a2ecb5424fca8ca2d3ec18ac6e8c,1,0,4,1
fac5a2ecb5424fca8ca2d3ec18ac6e8c,1,0,5,0
fac5a2ecb5424fca8ca2d3ec18ac6e8c,1,0,6,0
fac5a2ecb5424fca8ca2d3ec18ac6e8c,1,1,1,1
fac5a2ecb5424fca8ca2d3ec18ac6e8c,1,1,2,0
fac5a2ecb5424fca8ca2d3ec18ac6e8c,1,1,3,0
fac5a2ecb5424fca8ca2d3ec18ac6e8c,1,1,4,0
fac5a2ecb5424fca8ca2d3ec18ac6e8c,1,1,5,1
fac5a2ecb5424fca8ca2d3ec18ac6e8c,1,1,6,0
fac5a2ecb5424fca8ca2d3ec18ac6e8c,1,2,1,0
fac5a2ecb5424fca8ca2d3ec18ac6e8c,1,2,2,0
fac5a2ecb5424fca8ca2d3ec18ac6e8c,1,2,3,1
fac5a2ecb5424fca8ca2d3ec18ac6e8c,1,2,4,0
fac5a2ecb5424fca8ca2d3ec18ac6e8c,1,2,5,0
fac5a2ecb5424fca8ca2d3ec18ac6e8c,1,2,6,0
fac5a2ecb5424fca8ca2d3ec18ac6e8c,1,3,1,0
fac5a2ecb5424fca8ca2d3ec18ac6e8c,1,3,2,0
fac5a2ecb5424fca8ca2d3ec18ac6e8c,1,3,3,0
fac5a2ecb5424fca8ca2d3ec18ac6e8c,1,3,4,1
fac5a2ecb5424fca8ca2d3ec18ac6e8c,1,3,5,0
fac5a2ecb5424fca8ca2d3ec18ac6e8c,1,3,6,0
fac5a2ecb5424fca8ca2d3ec18ac6e8c,1,4,1,0
fac5a2ecb5424fca8ca2d3ec18ac6e8c,1,4,2,1
fac5a2ecb5424fca8ca2d3ec18ac6e8c,1,4,3,0
fac5a2ecb5424fca8ca2d3ec18ac6e8c,1,4,4,0
fac5a2ecb5424fca8ca2d3ec18ac6e8c,1,4,5,0
fac5a2ecb5424fca8ca2d3ec18ac6e8c,1,4,6,0
fac5a2ecb5424fca8ca2d3ec18ac6e8c,1,5,1,0
fac5a2ecb5424fca8ca2d3ec18ac6e8c,1,5,2,1
fac5a2ecb5424fca8ca2d3ec18ac6e8c,1,5,3,0
fac5a2ecb5424fca8ca2d3ec18ac6e8c,1,5,4,0
fac5a2ecb5424fca8ca2d3ec18ac6e8c,1,5,5,0
fac5a2ecb5424fca8ca2d3ec18ac6e8c,1,5,6,0
fac5a2ecb5424fca8ca2d3ec18ac6e8c,1,7,1,0
fac5a2ecb5424fca8ca2d3ec18ac6e8c,1,7,2,0
fac5a2ecb5424fca8ca2d3ec18ac6e8c,1,7,3,0
fac5a2ecb5424fca8ca2d3ec18ac6e8c,1,7,4,1
fac5a2ecb5424fca8ca2d3ec18ac6e8c,1,7,5,0
fac5a2ecb5424fca8ca2d3ec18ac6e8c,1,7,6,0
fac5a2ecb5424fca8ca2d3ec18ac6e8c,1,6,1,0
fac5a2ecb5424fca8ca2d3ec18ac6e8c,1,6,2,0
fac5a2ecb5424fca8ca2d3ec18ac6e8c,1,6,3,0
fac5a2ecb5424fca8ca2d3ec18ac6e8c,1,6,4,0
fac5a2ecb5424fca8ca2d3ec18ac6e8c,1,6,5,0
fac5a2ecb5424fca8ca2d3ec18ac6e8c,1,6,6,1
fac5a2ecb5424fca8ca2d3ec18ac6e8c,1,8,1,0
fac5a2ecb5424fca8ca2d3ec18ac6e8c,1,8,2,1
fac5a2ecb5424fca8ca2d3ec18ac6e8c,1,8,3,0
fac5a2ecb5424fca8ca2d3ec18ac6e8c,1,8,4,0
fac5a2ecb5424fca8ca2d3ec18ac6e8c,1,8,5,0
fac5a2ecb5424fca8ca2d3ec18ac6e8c,1,8,6,0
fac5a2ecb5424fca8ca2d3ec18ac6e8c,1,9,1,0
fac5a2ecb5424fca8ca2d3ec18ac6e8c,1,9,2,0
fac5a2ecb5424fca8ca2d3ec18ac6e8c,1,9,3,0
fac5a2ecb5424fca8ca2d3ec18ac6e8c,1,9,4,1
fac5a2ecb5424fca8ca2d3ec18ac6e8c,1,9,5,0
fac5a2ecb5424fca8ca2d3ec18ac6e8c,1,9,6,0
70577db5a5234167b33547cd824b0924,1,0,1,0
70577db5a5234167b33547cd824b0924,1,0,2,0
70577db5a5234167b33547cd824b0924,1,0,3,0
70577db5a5234167b33547cd824b0924,1,0,4,0
70577db5a5234167b33547cd824b0924,1,0,5,0
70577db5a5234167b33547cd824b0924,1,0,6,1
70577db5a5234167b33547cd824b0924,1,1,1,1
70577db5a5234167b33547cd824b0924,1,1,2,0
70577db5a5234167b33547cd824b0924,1,1,3,0
70577db5a5234167b33547cd824b0924,1,1,4,0
70577db5a5234167b33547cd824b0924,1,1,5,0
70577db5a5234167b33547cd824b0924,1,1,6,0
70577db5a5234167b33547cd824b0924,1,2,1,1
70577db5a5234167b33547cd824b0924,1,2,2,0
70577db5a5234167b33547cd824b0924,1,2,3,0
70577db5a5234167b33547cd824b0924,1,2,4,0
70577db5a5234167b33547cd824b0924,1,2,5,0
70577db5a5234167b33547cd824b0924,1,2,6,0
70577db5a5234167b33547cd824b0924,1,3,1,0
70577db5a5234167b33547cd824b0924,1,3,2,0
70577db5a5234167b33547cd824b0924,1,3,3,0
70577db5a5234167b33547cd824b0924,1,3,4,0
70577db5a5234167b33547cd824b0924,1,3,5,1
70577db5a5234167b33547cd824b0924,1,3,6,0
70577db5a5234167b33547cd824b0924,1,4,1,1
70577db5a5234167b33547cd824b0924,1,4,2,0
70577db5a5234167b33547cd824b0924,1,4,3,0
70577db5a5234167b33547cd824b0924,1,4,4,0
70577db5a5234167b33547cd824b0924,1,4,5,0
70577db5a5234167b33547cd824b0924,1,4,6,0
70577db5a5234167b33547cd824b0924,1,5,1,1
70577db5a5234167b33547cd824b0924,1,5,2,0
70577db5a5234167b33547cd824b0924,1,5,3,0
70577db5a5234167b33547cd824b0924,1,5,4,0
70577db5a5234167b33547cd824b0924,1,5,5,0
70577db5a5234167b33547cd824b0924,1,5,6,0
70577db5a5234167b33547cd824b0924,1,7,1,0
70577db5a5234167b33547cd824b0924,1,7,2,0
70577db5a5234167b33547cd824b0924,1,7,3,1
70577db5a5234167b33547cd824b0924,1,7,4,0
70577db5a5234167b33547cd824b0924,1,7,5,0
70577db5a5234167b33547cd824b0924,1,7,6,0
70577db5a5234167b33547cd824b0924,1,6,1,0
70577db5a5234167b33547cd824b0924,1,6,2,0
70577db5a5234167b33547cd824b0924,1,6,3,0
70577db5a5234167b33547cd824b0924,1,6,4,0
70577db5a5234167b33547cd824b0924,1,6,5,0
70577db5a5234167b33547cd824b0924,1,6,6,1
70577db5a5234167b33547cd824b0924,1,8,1,0
70577db5a5234167b33547cd824b0924,1,8,2,1
70577db5a5234167b33547cd824b0924,1,8,3,0
70577db5a5234167b33547cd824b0924,1,8,4,0
70577db5a5234167b33547cd824b0924,1,8,5,0
70577db5a5234167b33547cd824b0924,1,8,6,0
70577db5a5234167b33547cd824b0924,1,9,1,1
70577db5a5234167b33547cd824b0924,1,9,2,0
70577db5a5234167b33547cd824b0924,1,9,3,0
70577db5a5234167b33547cd824b0924,1,9,4,0
70577db5a5234167b33547cd824b0924,1,9,5,0
70577db5a5234167b33547cd824b0924,1,9,6,0
26153064fbb844058924bacdb41ceae4,1,1,1,0
26153064fbb844058924bacdb41ceae4,1,1,2,0
26153064fbb844058924bacdb41ceae4,1,1,3,0
26153064fbb844058924bacdb41ceae4,1,1,4,1
26153064fbb844058924bacdb41ceae4,1,1,5,0
26153064fbb844058924bacdb41ceae4,1,1,6,0
26153064fbb844058924bacdb41ceae4,1,0,1,1
26153064fbb844058924bacdb41ceae4,1,0,2,0
26153064fbb844058924bacdb41ceae4,1,0,3,0
26153064fbb844058924bacdb41ceae4,1,0,4,0
26153064fbb844058924bacdb41ceae4,1,0,5,0
26153064fbb844058924bacdb41ceae4,1,0,6,0
26153064fbb844058924bacdb41ceae4,1,3,1,0
26153064fbb844058924bacdb41ceae4,1,3,2,0
26153064fbb844058924bacdb41ceae4,1,3,3,0
26153064fbb844058924bacdb41ceae4,1,3,4,0
26153064fbb844058924bacdb41ceae4,1,3,5,1
26153064fbb844058924bacdb41ceae4,1,3,6,0
26153064fbb844058924bacdb41ceae4,1,2,1,0
26153064fbb844058924bacdb41ceae4,1,2,2,0
26153064fbb844058924bacdb41ceae4,1,2,3,0
26153064fbb844058924bacdb41ceae4,1,2,4,0
26153064fbb844058924bacdb41ceae4,1,2,5,1
26153064fbb844058924bacdb41ceae4,1,2,6,0
26153064fbb844058924bacdb41ceae4,1,4,1,0
26153064fbb844058924bacdb41ceae4,1,4,2,0
26153064fbb844058924bacdb41ceae4,1,4,3,0
26153064fbb844058924bacdb41ceae4,1,4,4,1
26153064fbb844058924bacdb41ceae4,1,4,5,0
26153064fbb844058924bacdb41ceae4,1,4,6,0
26153064fbb844058924bacdb41ceae4,1,5,1,0
26153064fbb844058924bacdb41ceae4,1,5,2,0
26153064fbb844058924bacdb41ceae4,1,5,3,0
26153064fbb844058924bacdb41ceae4,1,5,4,0
26153064fbb844058924bacdb41ceae4,1,5,5,1
26153064fbb844058924bacdb41ceae4,1,5,6,0
26153064fbb844058924bacdb41ceae4,1,6,1,0
26153064fbb844058924bacdb41ceae4,1,6,2,0
26153064fbb844058924bacdb41ceae4,1,6,3,0
26153064fbb844058924bacdb41ceae4,1,6,4,1
26153064fbb844058924bacdb41ceae4,1,6,5,0
26153064fbb844058924bacdb41ceae4,1,6,6,0
26153064fbb844058924bacdb41ceae4,1,7,1,0
26153064fbb844058924bacdb41ceae4,1,7,2,0
26153064fbb844058924bacdb41ceae4,1,7,3,0
26153064fbb844058924bacdb41ceae4,1,7,4,0
26153064fbb844058924bacdb41ceae4,1,7,5,1
26153064fbb844058924bacdb41ceae4,1,7,6,0
26153064fbb844058924bacdb41ceae4,1,9,1,0
26153064fbb844058924bacdb41ceae4,1,9,2,0
26153064fbb844058924bacdb41ceae4,1,9,3,0
26153064fbb844058924bacdb41ceae4,1,9,4,0
26153064fbb844058924bacdb41ceae4,1,9,5,1
26153064fbb844058924bacdb41ceae4,1,9,6,0
26153064fbb844058924bacdb41ceae4,1,8,1,0
26153064fbb844058924bacdb41ceae4,1,8,2,0
26153064fbb844058924bacdb41ceae4,1,8,3,0
26153064fbb844058924bacdb41ceae4,1,8,4,0
26153064fbb844058924bacdb41ceae4,1,8,5,1
26153064fbb844058924bacdb41ceae4,1,8,6,0
294e3a70357d4b72ab1ca3cc968bb62b,0,0,1,0
294e3a70357d4b72ab1ca3cc968bb62b,0,0,2,1
294e3a70357d4b72ab1ca3cc968bb62b,0,0,3,0
294e3a70357d4b72ab1ca3cc968bb62b,0,0,4,1
294e3a70357d4b72ab1ca3cc968bb62b,0,0,5,1
294e3a70357d4b72ab1ca3cc968bb62b,0,0,6,0
294e3a70357d4b72ab1ca3cc968bb62b,0,1,1,1
294e3a70357d4b72ab1ca3cc968bb62b,0,1,2,0
294e3a70357d4b72ab1ca3cc968bb62b,0,1,3,1
294e3a70357d4b72ab1ca3cc968bb62b,0,1,4,0
294e3a70357d4b72ab1ca3cc968bb62b,0,1,5,0
294e3a70357d4b72ab1ca3cc968bb62b,0,1,6,0
294e3a70357d4b72ab1ca3cc968bb62b,0,2,1,0
294e3a70357d4b72ab1ca3cc968bb62b,0,2,2,0
294e3a70357d4b72ab1ca3cc968bb62b,0,2,3,0
294e3a70357d4b72ab1ca3cc968bb62b,0,2,4,1
294e3a70357d4b72ab1ca3cc968bb62b,0,2,5,0
294e3a70357d4b72ab1ca3cc968bb62b,0,2,6,0
294e3a70357d4b72ab1ca3cc968bb62b,0,3,1,0
294e3a70357d4b72ab1ca3cc968bb62b,0,3,2,0
294e3a70357d4b72ab1ca3cc968bb62b,0,3,3,1
294e3a70357d4b72ab1ca3cc968bb62b,0,3,4,0
294e3a70357d4b72ab1ca3cc968bb62b,0,3,5,0
294e3a70357d4b72ab1ca3cc968bb62b,0,3,6,0
294e3a70357d4b72ab1ca3cc968bb62b,0,4,1,0
294e3a70357d4b72ab1ca3cc968bb62b,0,4,2,0
294e3a70357d4b72ab1ca3cc968bb62b,0,4,3,0
294e3a70357d4b72ab1ca3cc968bb62b,0,4,4,0
294e3a70357d4b72ab1ca3cc968bb62b,0,4,5,1
294e3a70357d4b72ab1ca3cc968bb62b,0,4,6,0
fff70f02648c4cb7aec1726d1308344a,0,1,1,0
fff70f02648c4cb7aec1726d1308344a,0,1,2,0
fff70f02648c4cb7aec1726d1308344a,0,1,3,0
fff70f02648c4cb7aec1726d1308344a,0,1,4,0
fff70f02648c4cb7aec1726d1308344a,0,1,5,0
fff70f02648c4cb7aec1726d1308344a,0,1,6,1
fff70f02648c4cb7aec1726d1308344a,0,0,1,0
fff70f02648c4cb7aec1726d1308344a,0,0,2,0
fff70f02648c4cb7aec1726d1308344a,0,0,3,0
fff70f02648c4cb7aec1726d1308344a,0,0,4,0
fff70f02648c4cb7aec1726d1308344a,0,0,5,0
fff70f02648c4cb7aec1726d1308344a,0,0,6,1
294e3a70357d4b72ab1ca3cc968bb62b,0,5,1,0
294e3a70357d4b72ab1ca3cc968bb62b,0,5,2,0
294e3a70357d4b72ab1ca3cc968bb62b,0,5,3,0
294e3a70357d4b72ab1ca3cc968bb62b,0,5,4,0
294e3a70357d4b72ab1ca3cc968bb62b,0,5,5,1
294e3a70357d4b72ab1ca3cc968bb62b,0,5,6,0
294e3a70357d4b72ab1ca3cc968bb62b,0,6,1,0
294e3a70357d4b72ab1ca3cc968bb62b,0,6,2,0
294e3a70357d4b72ab1ca3cc968bb62b,0,6,3,0
294e3a70357d4b72ab1ca3cc968bb62b,0,6,4,0
294e3a70357d4b72ab1ca3cc968bb62b,0,6,5,0
294e3a70357d4b72ab1ca3cc968bb62b,0,6,6,1
294e3a70357d4b72ab1ca3cc968bb62b,0,7,1,0
294e3a70357d4b72ab1ca3cc968bb62b,0,7,2,0
294e3a70357d4b72ab1ca3cc968bb62b,0,7,3,1
294e3a70357d4b72ab1ca3cc968bb62b,0,7,4,0
294e3a70357d4b72ab1ca3cc968bb62b,0,7,5,0
294e3a70357d4b72ab1ca3cc968bb62b,0,7,6,0
fff70f02648c4cb7aec1726d1308344a,0,2,1,0
fff70f02648c4cb7aec1726d1308344a,0,2,2,0
fff70f02648c4cb7aec1726d1308344a,0,2,3,0
fff70f02648c4cb7aec1726d1308344a,0,2,4,0
fff70f02648c4cb7aec1726d1308344a,0,2,5,1
fff70f02648c4cb7aec1726d1308344a,0,2,6,0
fff70f02648c4cb7aec1726d1308344a,0,3,1,1
fff70f02648c4cb7aec1726d1308344a,0,3,2,0
fff70f02648c4cb7aec1726d1308344a,0,3,3,0
fff70f02648c4cb7aec1726d1308344a,0,3,4,0
fff70f02648c4cb7aec1726d1308344a,0,3,5,0
fff70f02648c4cb7aec1726d1308344a,0,3,6,0
fff70f02648c4cb7aec1726d1308344a,0,4,1,1
fff70f02648c4cb7aec1726d1308344a,0,4,2,0
fff70f02648c4cb7aec1726d1308344a,0,4,3,0
fff70f02648c4cb7aec1726d1308344a,0,4,4,0
fff70f02648c4cb7aec1726d1308344a,0,4,5,0
fff70f02648c4cb7aec1726d1308344a,0,4,6,0
294e3a70357d4b72ab1ca3cc968bb62b,0,9,1,0
294e3a70357d4b72ab1ca3cc968bb62b,0,9,2,0
294e3a70357d4b72ab1ca3cc968bb62b,0,9,3,0
294e3a70357d4b72ab1ca3cc968bb62b,0,9,4,1
294e3a70357d4b72ab1ca3cc968bb62b,0,9,5,0
294e3a70357d4b72ab1ca3cc968bb62b,0,9,6,0
294e3a70357d4b72ab1ca3cc968bb62b,0,8,1,0
294e3a70357d4b72ab1ca3cc968bb62b,0,8,2,1
294e3a70357d4b72ab1ca3cc968bb62b,0,8,3,0
294e3a70357d4b72ab1ca3cc968bb62b,0,8,4,0
294e3a70357d4b72ab1ca3cc968bb62b,0,8,5,0
294e3a70357d4b72ab1ca3cc968bb62b,0,8,6,0
fff70f02648c4cb7aec1726d1308344a,0,5,1,1
fff70f02648c4cb7aec1726d1308344a,0,5,2,0
fff70f02648c4cb7aec1726d1308344a,0,5,3,0
fff70f02648c4cb7aec1726d1308344a,0,5,4,0
fff70f02648c4cb7aec1726d1308344a,0,5,5,0
fff70f02648c4cb7aec1726d1308344a,0,5,6,0
fff70f02648c4cb7aec1726d1308344a,0,7,1,0
fff70f02648c4cb7aec1726d1308344a,0,7,2,0
fff70f02648c4cb7aec1726d1308344a,0,7,3,0
fff70f02648c4cb7aec1726d1308344a,0,7,4,0
fff70f02648c4cb7aec1726d1308344a,0,7,5,1
fff70f02648c4cb7aec1726d1308344a,0,7,6,0
fff70f02648c4cb7aec1726d1308344a,0,6,1,0
fff70f02648c4cb7aec1726d1308344a,0,6,2,0
fff70f02648c4cb7aec1726d1308344a,0,6,3,0
fff70f02648c4cb7aec1726d1308344a,0,6,4,0
fff70f02648c4cb7aec1726d1308344a,0,6,5,0
fff70f02648c4cb7aec1726d1308344a,0,6,6,1
fff70f02648c4cb7aec1726d1308344a,0,8,1,0
fff70f02648c4cb7aec1726d1308344a,0,8,2,0
fff70f02648c4cb7aec1726d1308344a,0,8,3,0
fff70f02648c4cb7aec1726d1308344a,0,8,4,0
fff70f02648c4cb7aec1726d1308344a,0,8,5,1
fff70f02648c4cb7aec1726d1308344a,0,8,6,0
fff70f02648c4cb7aec1726d1308344a,0,9,1,0
fff70f02648c4cb7aec1726d1308344a,0,9,2,0
fff70f02648c4cb7aec1726d1308344a,0,9,3,0
fff70f02648c4cb7aec1726d1308344a,0,9,4,0
fff70f02648c4cb7aec1726d1308344a,0,9,5,1
fff70f02648c4cb7aec1726d1308344a,0,9,6,0
bc0510b54d424ff4985ee1476a908c6e,1,1,1,0
bc0510b54d424ff4985ee1476a908c6e,1,1,2,0
bc0510b54d424ff4985ee1476a908c6e,1,1,3,1
bc0510b54d424ff4985ee1476a908c6e,1,1,4,1
bc0510b54d424ff4985ee1476a908c6e,1,1,5,0
bc0510b54d424ff4985ee1476a908c6e,1,1,6,0
bc0510b54d424ff4985ee1476a908c6e,1,0,1,1
bc0510b54d424ff4985ee1476a908c6e,1,0,2,1
bc0510b54d424ff4985ee1476a908c6e,1,0,3,0
bc0510b54d424ff4985ee1476a908c6e,1,0,4,0
bc0510b54d424ff4985ee1476a908c6e,1,0,5,1
bc0510b54d424ff4985ee1476a908c6e,1,0,6,0
bc0510b54d424ff4985ee1476a908c6e,1,2,1,0
bc0510b54d424ff4985ee1476a908c6e,1,2,2,0
bc0510b54d424ff4985ee1476a908c6e,1,2,3,0
bc0510b54d424ff4985ee1476a908c6e,1,2,4,1
bc0510b54d424ff4985ee1476a908c6e,1,2,5,0
bc0510b54d424ff4985ee1476a908c6e,1,2,6,0
bc0510b54d424ff4985ee1476a908c6e,1,3,1,0
bc0510b54d424ff4985ee1476a908c6e,1,3,2,0
bc0510b54d424ff4985ee1476a908c6e,1,3,3,0
bc0510b54d424ff4985ee1476a908c6e,1,3,4,0
bc0510b54d424ff4985ee1476a908c6e,1,3,5,1
bc0510b54d424ff4985ee1476a908c6e,1,3,6,0
bc0510b54d424ff4985ee1476a908c6e,1,4,1,0
bc0510b54d424ff4985ee1476a908c6e,1,4,2,0
bc0510b54d424ff4985ee1476a908c6e,1,4,3,0
bc0510b54d424ff4985ee1476a908c6e,1,4,4,1
bc0510b54d424ff4985ee1476a908c6e,1,4,5,0
bc0510b54d424ff4985ee1476a908c6e,1,4,6,0
bc0510b54d424ff4985ee1476a908c6e,1,7,1,0
bc0510b54d424ff4985ee1476a908c6e,1,7,2,1
bc0510b54d424ff4985ee1476a908c6e,1,7,3,0
bc0510b54d424ff4985ee1476a908c6e,1,7,4,0
bc0510b54d424ff4985ee1476a908c6e,1,7,5,0
bc0510b54d424ff4985ee1476a908c6e,1,7,6,0
bc0510b54d424ff4985ee1476a908c6e,1,5,1,0
bc0510b54d424ff4985ee1476a908c6e,1,5,2,0
bc0510b54d424ff4985ee1476a908c6e,1,5,3,0
bc0510b54d424ff4985ee1476a908c6e,1,5,4,1
bc0510b54d424ff4985ee1476a908c6e,1,5,5,0
bc0510b54d424ff4985ee1476a908c6e,1,5,6,0
bc0510b54d424ff4985ee1476a908c6e,1,6,1,0
bc0510b54d424ff4985ee1476a908c6e,1,6,2,0
bc0510b54d424ff4985ee1476a908c6e,1,6,3,0
bc0510b54d424ff4985ee1476a908c6e,1,6,4,0
bc0510b54d424ff4985ee1476a908c6e,1,6,5,0
bc0510b54d424ff4985ee1476a908c6e,1,6,6,1
bc0510b54d424ff4985ee1476a908c6e,1,8,1,0
bc0510b54d424ff4985ee1476a908c6e,1,8,2,0
bc0510b54d424ff4985ee1476a908c6e,1,8,3,0
bc0510b54d424ff4985ee1476a908c6e,1,8,4,1
bc0510b54d424ff4985ee1476a908c6e,1,8,5,0
bc0510b54d424ff4985ee1476a908c6e,1,8,6,0
bc0510b54d424ff4985ee1476a908c6e,1,9,1,0
bc0510b54d424ff4985ee1476a908c6e,1,9,2,0
bc0510b54d424ff4985ee1476a908c6e,1,9,3,0
bc0510b54d424ff4985ee1476a908c6e,1,9,4,1
bc0510b54d424ff4985ee1476a908c6e,1,9,5,0
bc0510b54d424ff4985ee1476a908c6e,1,9,6,0
b3a46654bd834367b2ba00a025ab2039,1,0,1,0
b3a46654bd834367b2ba00a025ab2039,1,0,2,1
b3a46654bd834367b2ba00a025ab2039,1,0,3,0
b3a46654bd834367b2ba00a025ab2039,1,0,4,0
b3a46654bd834367b2ba00a025ab2039,1,0,5,0
b3a46654bd834367b2ba00a025ab2039,1,0,6,0
b3a46654bd834367b2ba00a025ab2039,1,1,1,0
b3a46654bd834367b2ba00a025ab2039,1,1,2,0
b3a46654bd834367b2ba00a025ab2039,1,1,3,0
b3a46654bd834367b2ba00a025ab2039,1,1,4,1
b3a46654bd834367b2ba00a025ab2039,1,1,5,0
b3a46654bd834367b2ba00a025ab2039,1,1,6,0
b3a46654bd834367b2ba00a025ab2039,1,2,1,0
b3a46654bd834367b2ba00a025ab2039,1,2,2,0
b3a46654bd834367b2ba00a025ab2039,1,2,3,0
b3a46654bd834367b2ba00a025ab2039,1,2,4,1
b3a46654bd834367b2ba00a025ab2039,1,2,5,0
b3a46654bd834367b2ba00a025ab2039,1,2,6,0
b3a46654bd834367b2ba00a025ab2039,1,3,1,0
b3a46654bd834367b2ba00a025ab2039,1,3,2,0
b3a46654bd834367b2ba00a025ab2039,1,3,3,0
b3a46654bd834367b2ba00a025ab2039,1,3,4,0
b3a46654bd834367b2ba00a025ab2039,1,3,5,1
b3a46654bd834367b2ba00a025ab2039,1,3,6,0
b3a46654bd834367b2ba00a025ab2039,1,4,1,0
b3a46654bd834367b2ba00a025ab2039,1,4,2,0
b3a46654bd834367b2ba00a025ab2039,1,4,3,0
b3a46654bd834367b2ba00a025ab2039,1,4,4,0
b3a46654bd834367b2ba00a025ab2039,1,4,5,1
b3a46654bd834367b2ba00a025ab2039,1,4,6,0
b3a46654bd834367b2ba00a025ab2039,1,5,1,0
b3a46654bd834367b2ba00a025ab2039,1,5,2,0
b3a46654bd834367b2ba00a025ab2039,1,5,3,0
b3a46654bd834367b2ba00a025ab2039,1,5,4,1
b3a46654bd834367b2ba00a025ab2039,1,5,5,0
b3a46654bd834367b2ba00a025ab2039,1,5,6,0
b3a46654bd834367b2ba00a025ab2039,1,6,1,0
b3a46654bd834367b2ba00a025ab2039,1,6,2,0
b3a46654bd834367b2ba00a025ab2039,1,6,3,0
b3a46654bd834367b2ba00a025ab2039,1,6,4,0
b3a46654bd834367b2ba00a025ab2039,1,6,5,0
b3a46654bd834367b2ba00a025ab2039,1,6,6,1
b3a46654bd834367b2ba00a025ab2039,1,7,1,0
b3a46654bd834367b2ba00a025ab2039,1,7,2,0
b3a46654bd834367b2ba00a025ab2039,1,7,3,0
b3a46654bd834367b2ba00a025ab2039,1,7,4,0
b3a46654bd834367b2ba00a025ab2039,1,7,5,1
b3a46654bd834367b2ba00a025ab2039,1,7,6,0
b3a46654bd834367b2ba00a025ab2039,1,8,1,0
b3a46654bd834367b2ba00a025ab2039,1,8,2,0
b3a46654bd834367b2ba00a025ab2039,1,8,3,0
b3a46654bd834367b2ba00a025ab2039,1,8,4,0
b3a46654bd834367b2ba00a025ab2039,1,8,5,1
b3a46654bd834367b2ba00a025ab2039,1,8,6,0
b3a46654bd834367b2ba00a025ab2039,1,9,1,0
b3a46654bd834367b2ba00a025ab2039,1,9,2,0
b3a46654bd834367b2ba00a025ab2039,1,9,3,0
b3a46654bd834367b2ba00a025ab2039,1,9,4,0
b3a46654bd834367b2ba00a025ab2039,1,9,5,1
b3a46654bd834367b2ba00a025ab2039,1,9,6,0
b022fb86deb34356a42499a99a7599cc,1,1,1,0
b022fb86deb34356a42499a99a7599cc,1,1,2,0
b022fb86deb34356a42499a99a7599cc,1,1,3,0
b022fb86deb34356a42499a99a7599cc,1,1,4,1
b022fb86deb34356a42499a99a7599cc,1,1,5,0
b022fb86deb34356a42499a99a7599cc,1,1,6,0
b022fb86deb34356a42499a99a7599cc,1,0,1,1
b022fb86deb34356a42499a99a7599cc,1,0,2,0
b022fb86deb34356a42499a99a7599cc,1,0,3,0
b022fb86deb34356a42499a99a7599cc,1,0,4,0
b022fb86deb34356a42499a99a7599cc,1,0,5,0
b022fb86deb34356a42499a99a7599cc,1,0,6,0
b022fb86deb34356a42499a99a7599cc,1,2,1,0
b022fb86deb34356a42499a99a7599cc,1,2,2,0
b022fb86deb34356a42499a99a7599cc,1,2,3,0
b022fb86deb34356a42499a99a7599cc,1,2,4,1
b022fb86deb34356a42499a99a7599cc,1,2,5,0
b022fb86deb34356a42499a99a7599cc,1,2,6,0
b022fb86deb34356a42499a99a7599cc,1,3,1,0
b022fb86deb34356a42499a99a7599cc,1,3,2,0
b022fb86deb34356a42499a99a7599cc,1,3,3,1
b022fb86deb34356a42499a99a7599cc,1,3,4,0
b022fb86deb34356a42499a99a7599cc,1,3,5,0
b022fb86deb34356a42499a99a7599cc,1,3,6,0
b022fb86deb34356a42499a99a7599cc,1,4,1,0
b022fb86deb34356a42499a99a7599cc,1,4,2,0
b022fb86deb34356a42499a99a7599cc,1,4,3,0
b022fb86deb34356a42499a99a7599cc,1,4,4,1
b022fb86deb34356a42499a99a7599cc,1,4,5,0
b022fb86deb34356a42499a99a7599cc,1,4,6,0
b022fb86deb34356a42499a99a7599cc,1,7,1,0
b022fb86deb34356a42499a99a7599cc,1,7,2,1
b022fb86deb34356a42499a99a7599cc,1,7,3,0
b022fb86deb34356a42499a99a7599cc,1,7,4,0
b022fb86deb34356a42499a99a7599cc,1,7,5,0
b022fb86deb34356a42499a99a7599cc,1,7,6,0
b022fb86deb34356a42499a99a7599cc,1,5,1,0
b022fb86deb34356a42499a99a7599cc,1,5,2,0
b022fb86deb34356a42499a99a7599cc,1,5,3,0
b022fb86deb34356a42499a99a7599cc,1,5,4,1
b022fb86deb34356a42499a99a7599cc,1,5,5,0
b022fb86deb34356a42499a99a7599cc,1,5,6,0
b022fb86deb34356a42499a99a7599cc,1,6,1,0
b022fb86deb34356a42499a99a7599cc,1,6,2,0
b022fb86deb34356a42499a99a7599cc,1,6,3,0
b022fb86deb34356a42499a99a7599cc,1,6,4,0
b022fb86deb34356a42499a99a7599cc,1,6,5,0
b022fb86deb34356a42499a99a7599cc,1,6,6,1
b022fb86deb34356a42499a99a7599cc,1,9,1,0
b022fb86deb34356a42499a99a7599cc,1,9,2,0
b022fb86deb34356a42499a99a7599cc,1,9,3,0
b022fb86deb34356a42499a99a7599cc,1,9,4,0
b022fb86deb34356a42499a99a7599cc,1,9,5,1
b022fb86deb34356a42499a99a7599cc,1,9,6,0
b022fb86deb34356a42499a99a7599cc,1,8,1,0
b022fb86deb34356a42499a99a7599cc,1,8,2,0
b022fb86deb34356a42499a99a7599cc,1,8,3,0
b022fb86deb34356a42499a99a7599cc,1,8,4,1
b022fb86deb34356a42499a99a7599cc,1,8,5,0
b022fb86deb34356a42499a99a7599cc,1,8,6,0
7ec54323cac646dabec2ae83afd54e6e,0,1,1,1
7ec54323cac646dabec2ae83afd54e6e,0,1,2,0
7ec54323cac646dabec2ae83afd54e6e,0,1,3,1
7ec54323cac646dabec2ae83afd54e6e,0,1,4,1
7ec54323cac646dabec2ae83afd54e6e,0,1,5,0
7ec54323cac646dabec2ae83afd54e6e,0,1,6,0
7ec54323cac646dabec2ae83afd54e6e,0,0,1,0
7ec54323cac646dabec2ae83afd54e6e,0,0,2,1
7ec54323cac646dabec2ae83afd54e6e,0,0,3,0
7ec54323cac646dabec2ae83afd54e6e,0,0,4,0
7ec54323cac646dabec2ae83afd54e6e,0,0,5,1
7ec54323cac646dabec2ae83afd54e6e,0,0,6,0
7ec54323cac646dabec2ae83afd54e6e,0,3,1,0
7ec54323cac646dabec2ae83afd54e6e,0,3,2,1
7ec54323cac646dabec2ae83afd54e6e,0,3,3,0
7ec54323cac646dabec2ae83afd54e6e,0,3,4,0
7ec54323cac646dabec2ae83afd54e6e,0,3,5,0
7ec54323cac646dabec2ae83afd54e6e,0,3,6,0
7ec54323cac646dabec2ae83afd54e6e,0,2,1,0
7ec54323cac646dabec2ae83afd54e6e,0,2,2,0
7ec54323cac646dabec2ae83afd54e6e,0,2,3,0
7ec54323cac646dabec2ae83afd54e6e,0,2,4,1
7ec54323cac646dabec2ae83afd54e6e,0,2,5,0
7ec54323cac646dabec2ae83afd54e6e,0,2,6,0
7ec54323cac646dabec2ae83afd54e6e,0,4,1,0
7ec54323cac646dabec2ae83afd54e6e,0,4,2,0
7ec54323cac646dabec2ae83afd54e6e,0,4,3,0
7ec54323cac646dabec2ae83afd54e6e,0,4,4,1
7ec54323cac646dabec2ae83afd54e6e,0,4,5,0
7ec54323cac646dabec2ae83afd54e6e,0,4,6,0
7e62ca226def43ee866e7ff6b5f9c35d,0,0,1,1
7e62ca226def43ee866e7ff6b5f9c35d,0,0,2,0
7e62ca226def43ee866e7ff6b5f9c35d,0,0,3,0
7e62ca226def43ee866e7ff6b5f9c35d,0,0,4,0
7e62ca226def43ee866e7ff6b5f9c35d,0,0,5,1
7e62ca226def43ee866e7ff6b5f9c35d,0,0,6,0
7e62ca226def43ee866e7ff6b5f9c35d,0,1,1,0
7e62ca226def43ee866e7ff6b5f9c35d,0,1,2,1
7e62ca226def43ee866e7ff6b5f9c35d,0,1,3,0
7e62ca226def43ee866e7ff6b5f9c35d,0,1,4,1
7e62ca226def43ee866e7ff6b5f9c35d,0,1,5,0
7e62ca226def43ee866e7ff6b5f9c35d,0,1,6,0
7ec54323cac646dabec2ae83afd54e6e,0,6,1,0
7ec54323cac646dabec2ae83afd54e6e,0,6,2,0
7ec54323cac646dabec2ae83afd54e6e,0,6,3,0
7ec54323cac646dabec2ae83afd54e6e,0,6,4,0
7ec54323cac646dabec2ae83afd54e6e,0,6,5,0
7ec54323cac646dabec2ae83afd54e6e,0,6,6,1
7ec54323cac646dabec2ae83afd54e6e,0,5,1,0
7ec54323cac646dabec2ae83afd54e6e,0,5,2,0
7ec54323cac646dabec2ae83afd54e6e,0,5,3,0
7ec54323cac646dabec2ae83afd54e6e,0,5,4,0
7ec54323cac646dabec2ae83afd54e6e,0,5,5,1
7ec54323cac646dabec2ae83afd54e6e,0,5,6,0
7ec54323cac646dabec2ae83afd54e6e,0,7,1,0
7ec54323cac646dabec2ae83afd54e6e,0,7,2,0
7ec54323cac646dabec2ae83afd54e6e,0,7,3,1
7ec54323cac646dabec2ae83afd54e6e,0,7,4,0
7ec54323cac646dabec2ae83afd54e6e,0,7,5,0
7ec54323cac646dabec2ae83afd54e6e,0,7,6,0
7ec54323cac646dabec2ae83afd54e6e,0,8,1,0
7ec54323cac646dabec2ae83afd54e6e,0,8,2,0
7ec54323cac646dabec2ae83afd54e6e,0,8,3,0
7ec54323cac646dabec2ae83afd54e6e,0,8,4,1
7ec54323cac646dabec2ae83afd54e6e,0,8,5,0
7ec54323cac646dabec2ae83afd54e6e,0,8,6,0
7ec54323cac646dabec2ae83afd54e6e,0,9,1,0
7ec54323cac646dabec2ae83afd54e6e,0,9,2,0
7ec54323cac646dabec2ae83afd54e6e,0,9,3,0
7ec54323cac646dabec2ae83afd54e6e,0,9,4,1
7ec54323cac646dabec2ae83afd54e6e,0,9,5,0
7ec54323cac646dabec2ae83afd54e6e,0,9,6,0
7e62ca226def43ee866e7ff6b5f9c35d,0,2,1,0
7e62ca226def43ee866e7ff6b5f9c35d,0,2,2,0
7e62ca226def43ee866e7ff6b5f9c35d,0,2,3,0
7e62ca226def43ee866e7ff6b5f9c35d,0,2,4,1
7e62ca226def43ee866e7ff6b5f9c35d,0,2,5,0
7e62ca226def43ee866e7ff6b5f9c35d,0,2,6,0
7e62ca226def43ee866e7ff6b5f9c35d,0,3,1,0
7e62ca226def43ee866e7ff6b5f9c35d,0,3,2,0
7e62ca226def43ee866e7ff6b5f9c35d,0,3,3,1
7e62ca226def43ee866e7ff6b5f9c35d,0,3,4,0
7e62ca226def43ee866e7ff6b5f9c35d,0,3,5,0
7e62ca226def43ee866e7ff6b5f9c35d,0,3,6,0
7e62ca226def43ee866e7ff6b5f9c35d,0,4,1,0
7e62ca226def43ee866e7ff6b5f9c35d,0,4,2,1
7e62ca226def43ee866e7ff6b5f9c35d,0,4,3,0
7e62ca226def43ee866e7ff6b5f9c35d,0,4,4,0
7e62ca226def43ee866e7ff6b5f9c35d,0,4,5,0
7e62ca226def43ee866e7ff6b5f9c35d,0,4,6,0
7e62ca226def43ee866e7ff6b5f9c35d,0,5,1,0
7e62ca226def43ee866e7ff6b5f9c35d,0,5,2,1
7e62ca226def43ee866e7ff6b5f9c35d,0,5,3,0
7e62ca226def43ee866e7ff6b5f9c35d,0,5,4,0
7e62ca226def43ee866e7ff6b5f9c35d,0,5,5,0
7e62ca226def43ee866e7ff6b5f9c35d,0,5,6,0
7e62ca226def43ee866e7ff6b5f9c35d,0,6,1,0
7e62ca226def43ee866e7ff6b5f9c35d,0,6,2,0
7e62ca226def43ee866e7ff6b5f9c35d,0,6,3,0
7e62ca226def43ee866e7ff6b5f9c35d,0,6,4,0
7e62ca226def43ee866e7ff6b5f9c35d,0,6,5,0
7e62ca226def43ee866e7ff6b5f9c35d,0,6,6,1
7e62ca226def43ee866e7ff6b5f9c35d,0,7,1,0
7e62ca226def43ee866e7ff6b5f9c35d,0,7,2,0
7e62ca226def43ee866e7ff6b5f9c35d,0,7,3,1
7e62ca226def43ee866e7ff6b5f9c35d,0,7,4,0
7e62ca226def43ee866e7ff6b5f9c35d,0,7,5,0
7e62ca226def43ee866e7ff6b5f9c35d,0,7,6,0
7e62ca226def43ee866e7ff6b5f9c35d,0,9,1,0
7e62ca226def43ee866e7ff6b5f9c35d,0,9,2,0
7e62ca226def43ee866e7ff6b5f9c35d,0,9,3,0
7e62ca226def43ee866e7ff6b5f9c35d,0,9,4,1
7e62ca226def43ee866e7ff6b5f9c35d,0,9,5,0
7e62ca226def43ee866e7ff6b5f9c35d,0,9,6,0
7e62ca226def43ee866e7ff6b5f9c35d,0,8,1,0
7e62ca226def43ee866e7ff6b5f9c35d,0,8,2,1
7e62ca226def43ee866e7ff6b5f9c35d,0,8,3,0
7e62ca226def43ee866e7ff6b5f9c35d,0,8,4,0
7e62ca226def43ee866e7ff6b5f9c35d,0,8,5,0
7e62ca226def43ee866e7ff6b5f9c35d,0,8,6,0
d590587633ee4eb9bf4a0d354c93af20,1,0,1,1
d590587633ee4eb9bf4a0d354c93af20,1,0,2,1
d590587633ee4eb9bf4a0d354c93af20,1,0,3,1
d590587633ee4eb9bf4a0d354c93af20,1,0,4,0
d590587633ee4eb9bf4a0d354c93af20,1,0,5,0
d590587633ee4eb9bf4a0d354c93af20,1,0,6,0
d590587633ee4eb9bf4a0d354c93af20,1,1,1,0
d590587633ee4eb9bf4a0d354c93af20,1,1,2,0
d590587633ee4eb9bf4a0d354c93af20,1,1,3,0
d590587633ee4eb9bf4a0d354c93af20,1,1,4,1
d590587633ee4eb9bf4a0d354c93af20,1,1,5,1
d590587633ee4eb9bf4a0d354c93af20,1,1,6,0
d590587633ee4eb9bf4a0d354c93af20,1,2,1,0
d590587633ee4eb9bf4a0d354c93af20,1,2,2,1
d590587633ee4eb9bf4a0d354c93af20,1,2,3,0
d590587633ee4eb9bf4a0d354c93af20,1,2,4,0
d590587633ee4eb9bf4a0d354c93af20,1,2,5,0
d590587633ee4eb9bf4a0d354c93af20,1,2,6,0
d590587633ee4eb9bf4a0d354c93af20,1,3,1,0
d590587633ee4eb9bf4a0d354c93af20,1,3,2,0
d590587633ee4eb9bf4a0d354c93af20,1,3,3,0
d590587633ee4eb9bf4a0d354c93af20,1,3,4,0
d590587633ee4eb9bf4a0d354c93af20,1,3,5,1
d590587633ee4eb9bf4a0d354c93af20,1,3,6,0
d590587633ee4eb9bf4a0d354c93af20,1,4,1,0
d590587633ee4eb9bf4a0d354c93af20,1,4,2,1
d590587633ee4eb9bf4a0d354c93af20,1,4,3,0
d590587633ee4eb9bf4a0d354c93af20,1,4,4,0
d590587633ee4eb9bf4a0d354c93af20,1,4,5,0
d590587633ee4eb9bf4a0d354c93af20,1,4,6,0
d590587633ee4eb9bf4a0d354c93af20,1,5,1,0
d590587633ee4eb9bf4a0d354c93af20,1,5,2,1
d590587633ee4eb9bf4a0d354c93af20,1,5,3,0
d590587633ee4eb9bf4a0d354c93af20,1,5,4,0
d590587633ee4eb9bf4a0d354c93af20,1,5,5,0
d590587633ee4eb9bf4a0d354c93af20,1,5,6,0
d590587633ee4eb9bf4a0d354c93af20,1,6,1,0
d590587633ee4eb9bf4a0d354c93af20,1,6,2,0
d590587633ee4eb9bf4a0d354c93af20,1,6,3,0
d590587633ee4eb9bf4a0d354c93af20,1,6,4,0
d590587633ee4eb9bf4a0d354c93af20,1,6,5,0
d590587633ee4eb9bf4a0d354c93af20,1,6,6,1
d590587633ee4eb9bf4a0d354c93af20,1,7,1,0
d590587633ee4eb9bf4a0d354c93af20,1,7,2,0
d590587633ee4eb9bf4a0d354c93af20,1,7,3,0
d590587633ee4eb9bf4a0d354c93af20,1,7,4,1
d590587633ee4eb9bf4a0d354c93af20,1,7,5,0
d590587633ee4eb9bf4a0d354c93af20,1,7,6,0
d590587633ee4eb9bf4a0d354c93af20,1,9,1,0
d590587633ee4eb9bf4a0d354c93af20,1,9,2,0
d590587633ee4eb9bf4a0d354c93af20,1,9,3,0
d590587633ee4eb9bf4a0d354c93af20,1,9,4,1
d590587633ee4eb9bf4a0d354c93af20,1,9,5,0
d590587633ee4eb9bf4a0d354c93af20,1,9,6,0
d590587633ee4eb9bf4a0d354c93af20,1,8,1,1
d590587633ee4eb9bf4a0d354c93af20,1,8,2,0
d590587633ee4eb9bf4a0d354c93af20,1,8,3,0
d590587633ee4eb9bf4a0d354c93af20,1,8,4,0
d590587633ee4eb9bf4a0d354c93af20,1,8,5,0
d590587633ee4eb9bf4a0d354c93af20,1,8,6,0
c29239c3ab514fb18627f25e9f816013,0,0,1,0
c29239c3ab514fb18627f25e9f816013,0,0,2,0
c29239c3ab514fb18627f25e9f816013,0,0,3,0
c29239c3ab514fb18627f25e9f816013,0,0,4,0
c29239c3ab514fb18627f25e9f816013,0,0,5,0
c29239c3ab514fb18627f25e9f816013,0,0,6,1
c29239c3ab514fb18627f25e9f816013,0,1,1,1
c29239c3ab514fb18627f25e9f816013,0,1,2,0
c29239c3ab514fb18627f25e9f816013,0,1,3,0
c29239c3ab514fb18627f25e9f816013,0,1,4,0
c29239c3ab514fb18627f25e9f816013,0,1,5,0
c29239c3ab514fb18627f25e9f816013,0,1,6,0
c29239c3ab514fb18627f25e9f816013,0,2,1,0
c29239c3ab514fb18627f25e9f816013,0,2,2,0
c29239c3ab514fb18627f25e9f816013,0,2,3,0
c29239c3ab514fb18627f25e9f816013,0,2,4,1
c29239c3ab514fb18627f25e9f816013,0,2,5,0
c29239c3ab514fb18627f25e9f816013,0,2,6,0
c29239c3ab514fb18627f25e9f816013,0,3,1,0
c29239c3ab514fb18627f25e9f816013,0,3,2,0
c29239c3ab514fb18627f25e9f816013,0,3,3,1
c29239c3ab514fb18627f25e9f816013,0,3,4,0
c29239c3ab514fb18627f25e9f816013,0,3,5,0
c29239c3ab514fb18627f25e9f816013,0,3,6,0
c29239c3ab514fb18627f25e9f816013,0,4,1,0
c29239c3ab514fb18627f25e9f816013,0,4,2,1
c29239c3ab514fb18627f25e9f816013,0,4,3,0
c29239c3ab514fb18627f25e9f816013,0,4,4,0
c29239c3ab514fb18627f25e9f816013,0,4,5,0
c29239c3ab514fb18627f25e9f816013,0,4,6,0
c29239c3ab514fb18627f25e9f816013,0,5,1,0
c29239c3ab514fb18627f25e9f816013,0,5,2,1
c29239c3ab514fb18627f25e9f816013,0,5,3,0
c29239c3ab514fb18627f25e9f816013,0,5,4,0
c29239c3ab514fb18627f25e9f816013,0,5,5,0
c29239c3ab514fb18627f25e9f816013,0,5,6,0
c29239c3ab514fb18627f25e9f816013,0,6,1,0
c29239c3ab514fb18627f25e9f816013,0,6,2,0
c29239c3ab514fb18627f25e9f816013,0,6,3,0
c29239c3ab514fb18627f25e9f816013,0,6,4,0
c29239c3ab514fb18627f25e9f816013,0,6,5,0
c29239c3ab514fb18627f25e9f816013,0,6,6,1
c29239c3ab514fb18627f25e9f816013,0,7,1,0
c29239c3ab514fb18627f25e9f816013,0,7,2,0
c29239c3ab514fb18627f25e9f816013,0,7,3,0
c29239c3ab514fb18627f25e9f816013,0,7,4,1
c29239c3ab514fb18627f25e9f816013,0,7,5,0
c29239c3ab514fb18627f25e9f816013,0,7,6,0
c29239c3ab514fb18627f25e9f816013,0,9,1,0
c29239c3ab514fb18627f25e9f816013,0,9,2,0
c29239c3ab514fb18627f25e9f816013,0,9,3,0
c29239c3ab514fb18627f25e9f816013,0,9,4,1
c29239c3ab514fb18627f25e9f816013,0,9,5,0
c29239c3ab514fb18627f25e9f816013,0,9,6,0
c29239c3ab514fb18627f25e9f816013,0,8,1,0
c29239c3ab514fb18627f25e9f816013,0,8,2,0
c29239c3ab514fb18627f25e9f816013,0,8,3,0
c29239c3ab514fb18627f25e9f816013,0,8,4,1
c29239c3ab514fb18627f25e9f816013,0,8,5,0
c29239c3ab514fb18627f25e9f816013,0,8,6,0
fc0d573f4c9e43efbdcc574845f00947,1,0,1,1
fc0d573f4c9e43efbdcc574845f00947,1,0,2,1
fc0d573f4c9e43efbdcc574845f00947,1,0,3,0
fc0d573f4c9e43efbdcc574845f00947,1,0,4,1
fc0d573f4c9e43efbdcc574845f00947,1,0,5,1
fc0d573f4c9e43efbdcc574845f00947,1,0,6,0
fc0d573f4c9e43efbdcc574845f00947,1,1,1,0
fc0d573f4c9e43efbdcc574845f00947,1,1,2,0
fc0d573f4c9e43efbdcc574845f00947,1,1,3,1
fc0d573f4c9e43efbdcc574845f00947,1,1,4,0
fc0d573f4c9e43efbdcc574845f00947,1,1,5,0
fc0d573f4c9e43efbdcc574845f00947,1,1,6,0
fc0d573f4c9e43efbdcc574845f00947,1,2,1,0
fc0d573f4c9e43efbdcc574845f00947,1,2,2,0
fc0d573f4c9e43efbdcc574845f00947,1,2,3,0
fc0d573f4c9e43efbdcc574845f00947,1,2,4,1
fc0d573f4c9e43efbdcc574845f00947,1,2,5,0
fc0d573f4c9e43efbdcc574845f00947,1,2,6,0
fc0d573f4c9e43efbdcc574845f00947,1,3,1,0
fc0d573f4c9e43efbdcc574845f00947,1,3,2,0
fc0d573f4c9e43efbdcc574845f00947,1,3,3,1
fc0d573f4c9e43efbdcc574845f00947,1,3,4,0
fc0d573f4c9e43efbdcc574845f00947,1,3,5,0
fc0d573f4c9e43efbdcc574845f00947,1,3,6,0
fc0d573f4c9e43efbdcc574845f00947,1,4,1,0
fc0d573f4c9e43efbdcc574845f00947,1,4,2,0
fc0d573f4c9e43efbdcc574845f00947,1,4,3,0
fc0d573f4c9e43efbdcc574845f00947,1,4,4,0
fc0d573f4c9e43efbdcc574845f00947,1,4,5,1
fc0d573f4c9e43efbdcc574845f00947,1,4,6,0
fc0d573f4c9e43efbdcc574845f00947,1,5,1,0
fc0d573f4c9e43efbdcc574845f00947,1,5,2,0
fc0d573f4c9e43efbdcc574845f00947,1,5,3,0
fc0d573f4c9e43efbdcc574845f00947,1,5,4,0
fc0d573f4c9e43efbdcc574845f00947,1,5,5,1
fc0d573f4c9e43efbdcc574845f00947,1,5,6,0
fc0d573f4c9e43efbdcc574845f00947,1,7,1,0
fc0d573f4c9e43efbdcc574845f00947,1,7,2,1
fc0d573f4c9e43efbdcc574845f00947,1,7,3,0
fc0d573f4c9e43efbdcc574845f00947,1,7,4,0
fc0d573f4c9e43efbdcc574845f00947,1,7,5,0
fc0d573f4c9e43efbdcc574845f00947,1,7,6,0
fc0d573f4c9e43efbdcc574845f00947,1,6,1,0
fc0d573f4c9e43efbdcc574845f00947,1,6,2,0
fc0d573f4c9e43efbdcc574845f00947,1,6,3,0
fc0d573f4c9e43efbdcc574845f00947,1,6,4,0
fc0d573f4c9e43efbdcc574845f00947,1,6,5,0
fc0d573f4c9e43efbdcc574845f00947,1,6,6,1
fc0d573f4c9e43efbdcc574845f00947,1,8,1,0
fc0d573f4c9e43efbdcc574845f00947,1,8,2,0
fc0d573f4c9e43efbdcc574845f00947,1,8,3,0
fc0d573f4c9e43efbdcc574845f00947,1,8,4,0
fc0d573f4c9e43efbdcc574845f00947,1,8,5,1
fc0d573f4c9e43efbdcc574845f00947,1,8,6,0
fc0d573f4c9e43efbdcc574845f00947,1,9,1,0
fc0d573f4c9e43efbdcc574845f00947,1,9,2,0
fc0d573f4c9e43efbdcc574845f00947,1,9,3,0
fc0d573f4c9e43efbdcc574845f00947,1,9,4,1
fc0d573f4c9e43efbdcc574845f00947,1,9,5,0
fc0d573f4c9e43efbdcc574845f00947,1,9,6,0
ca3b94da03c040fe9ea44c3d6134ec43,1,0,1,0
ca3b94da03c040fe9ea44c3d6134ec43,1,0,2,0
ca3b94da03c040fe9ea44c3d6134ec43,1,0,3,0
ca3b94da03c040fe9ea44c3d6134ec43,1,0,4,0
ca3b94da03c040fe9ea44c3d6134ec43,1,0,5,0
ca3b94da03c040fe9ea44c3d6134ec43,1,0,6,1
ca3b94da03c040fe9ea44c3d6134ec43,1,1,1,0
ca3b94da03c040fe9ea44c3d6134ec43,1,1,2,0
ca3b94da03c040fe9ea44c3d6134ec43,1,1,3,0
ca3b94da03c040fe9ea44c3d6134ec43,1,1,4,1
ca3b94da03c040fe9ea44c3d6134ec43,1,1,5,0
ca3b94da03c040fe9ea44c3d6134ec43,1,1,6,0
ca3b94da03c040fe9ea44c3d6134ec43,1,2,1,0
ca3b94da03c040fe9ea44c3d6134ec43,1,2,2,0
ca3b94da03c040fe9ea44c3d6134ec43,1,2,3,0
ca3b94da03c040fe9ea44c3d6134ec43,1,2,4,1
ca3b94da03c040fe9ea44c3d6134ec43,1,2,5,0
ca3b94da03c040fe9ea44c3d6134ec43,1,2,6,0
ca3b94da03c040fe9ea44c3d6134ec43,1,3,1,0
ca3b94da03c040fe9ea44c3d6134ec43,1,3,2,0
ca3b94da03c040fe9ea44c3d6134ec43,1,3,3,0
ca3b94da03c040fe9ea44c3d6134ec43,1,3,4,0
ca3b94da03c040fe9ea44c3d6134ec43,1,3,5,1
ca3b94da03c040fe9ea44c3d6134ec43,1,3,6,0
ca3b94da03c040fe9ea44c3d6134ec43,1,4,1,0
ca3b94da03c040fe9ea44c3d6134ec43,1,4,2,1
ca3b94da03c040fe9ea44c3d6134ec43,1,4,3,0
ca3b94da03c040fe9ea44c3d6134ec43,1,4,4,0
ca3b94da03c040fe9ea44c3d6134ec43,1,4,5,0
ca3b94da03c040fe9ea44c3d6134ec43,1,4,6,0
ca3b94da03c040fe9ea44c3d6134ec43,1,5,1,0
ca3b94da03c040fe9ea44c3d6134ec43,1,5,2,1
ca3b94da03c040fe9ea44c3d6134ec43,1,5,3,0
ca3b94da03c040fe9ea44c3d6134ec43,1,5,4,0
ca3b94da03c040fe9ea44c3d6134ec43,1,5,5,0
ca3b94da03c040fe9ea44c3d6134ec43,1,5,6,0
ca3b94da03c040fe9ea44c3d6134ec43,1,6,1,0
ca3b94da03c040fe9ea44c3d6134ec43,1,6,2,0
ca3b94da03c040fe9ea44c3d6134ec43,1,6,3,0
ca3b94da03c040fe9ea44c3d6134ec43,1,6,4,0
ca3b94da03c040fe9ea44c3d6134ec43,1,6,5,0
ca3b94da03c040fe9ea44c3d6134ec43,1,6,6,1
ca3b94da03c040fe9ea44c3d6134ec43,1,7,1,0
ca3b94da03c040fe9ea44c3d6134ec43,1,7,2,1
ca3b94da03c040fe9ea44c3d6134ec43,1,7,3,0
ca3b94da03c040fe9ea44c3d6134ec43,1,7,4,0
ca3b94da03c040fe9ea44c3d6134ec43,1,7,5,0
ca3b94da03c040fe9ea44c3d6134ec43,1,7,6,0
ca3b94da03c040fe9ea44c3d6134ec43,1,8,1,0
ca3b94da03c040fe9ea44c3d6134ec43,1,8,2,0
ca3b94da03c040fe9ea44c3d6134ec43,1,8,3,1
ca3b94da03c040fe9ea44c3d6134ec43,1,8,4,0
ca3b94da03c040fe9ea44c3d6134ec43,1,8,5,0
ca3b94da03c040fe9ea44c3d6134ec43,1,8,6,0
ca3b94da03c040fe9ea44c3d6134ec43,1,9,1,0
ca3b94da03c040fe9ea44c3d6134ec43,1,9,2,1
ca3b94da03c040fe9ea44c3d6134ec43,1,9,3,0
ca3b94da03c040fe9ea44c3d6134ec43,1,9,4,0
ca3b94da03c040fe9ea44c3d6134ec43,1,9,5,0
ca3b94da03c040fe9ea44c3d6134ec43,1,9,6,0
81769d179bbc4cb2a089663f550cc2fc,1,0,1,0
81769d179bbc4cb2a089663f550cc2fc,1,0,2,1
81769d179bbc4cb2a089663f550cc2fc,1,0,3,1
81769d179bbc4cb2a089663f550cc2fc,1,0,4,0
81769d179bbc4cb2a089663f550cc2fc,1,0,5,0
81769d179bbc4cb2a089663f550cc2fc,1,0,6,0
81769d179bbc4cb2a089663f550cc2fc,1,1,1,1
81769d179bbc4cb2a089663f550cc2fc,1,1,2,0
81769d179bbc4cb2a089663f550cc2fc,1,1,3,0
81769d179bbc4cb2a089663f550cc2fc,1,1,4,1
81769d179bbc4cb2a089663f550cc2fc,1,1,5,0
81769d179bbc4cb2a089663f550cc2fc,1,1,6,0
81769d179bbc4cb2a089663f550cc2fc,1,2,1,0
81769d179bbc4cb2a089663f550cc2fc,1,2,2,0
81769d179bbc4cb2a089663f550cc2fc,1,2,3,0
81769d179bbc4cb2a089663f550cc2fc,1,2,4,1
81769d179bbc4cb2a089663f550cc2fc,1,2,5,0
81769d179bbc4cb2a089663f550cc2fc,1,2,6,0
81769d179bbc4cb2a089663f550cc2fc,1,3,1,0
81769d179bbc4cb2a089663f550cc2fc,1,3,2,1
81769d179bbc4cb2a089663f550cc2fc,1,3,3,0
81769d179bbc4cb2a089663f550cc2fc,1,3,4,0
81769d179bbc4cb2a089663f550cc2fc,1,3,5,0
81769d179bbc4cb2a089663f550cc2fc,1,3,6,0
81769d179bbc4cb2a089663f550cc2fc,1,4,1,0
81769d179bbc4cb2a089663f550cc2fc,1,4,2,1
81769d179bbc4cb2a089663f550cc2fc,1,4,3,0
81769d179bbc4cb2a089663f550cc2fc,1,4,4,0
81769d179bbc4cb2a089663f550cc2fc,1,4,5,0
81769d179bbc4cb2a089663f550cc2fc,1,4,6,0
81769d179bbc4cb2a089663f550cc2fc,1,5,1,1
81769d179bbc4cb2a089663f550cc2fc,1,5,2,0
81769d179bbc4cb2a089663f550cc2fc,1,5,3,0
81769d179bbc4cb2a089663f550cc2fc,1,5,4,0
81769d179bbc4cb2a089663f550cc2fc,1,5,5,0
81769d179bbc4cb2a089663f550cc2fc,1,5,6,0
81769d179bbc4cb2a089663f550cc2fc,1,6,1,0
81769d179bbc4cb2a089663f550cc2fc,1,6,2,0
81769d179bbc4cb2a089663f550cc2fc,1,6,3,0
81769d179bbc4cb2a089663f550cc2fc,1,6,4,0
81769d179bbc4cb2a089663f550cc2fc,1,6,5,0
81769d179bbc4cb2a089663f550cc2fc,1,6,6,1
81769d179bbc4cb2a089663f550cc2fc,1,7,1,0
81769d179bbc4cb2a089663f550cc2fc,1,7,2,0
81769d179bbc4cb2a089663f550cc2fc,1,7,3,0
81769d179bbc4cb2a089663f550cc2fc,1,7,4,1
81769d179bbc4cb2a089663f550cc2fc,1,7,5,0
81769d179bbc4cb2a089663f550cc2fc,1,7,6,0
81769d179bbc4cb2a089663f550cc2fc,1,8,1,1
81769d179bbc4cb2a089663f550cc2fc,1,8,2,0
81769d179bbc4cb2a089663f550cc2fc,1,8,3,0
81769d179bbc4cb2a089663f550cc2fc,1,8,4,0
81769d179bbc4cb2a089663f550cc2fc,1,8,5,0
81769d179bbc4cb2a089663f550cc2fc,1,8,6,0
81769d179bbc4cb2a089663f550cc2fc,1,9,1,0
81769d179bbc4cb2a089663f550cc2fc,1,9,2,0
81769d179bbc4cb2a089663f550cc2fc,1,9,3,0
81769d179bbc4cb2a089663f550cc2fc,1,9,4,0
81769d179bbc4cb2a089663f550cc2fc,1,9,5,1
81769d179bbc4cb2a089663f550cc2fc,1,9,6,0
0d7aad6d3cc743198133e5daddb9a1f9,0,0,1,1
0d7aad6d3cc743198133e5daddb9a1f9,0,0,2,1
0d7aad6d3cc743198133e5daddb9a1f9,0,0,3,1
0d7aad6d3cc743198133e5daddb9a1f9,0,0,4,0
0d7aad6d3cc743198133e5daddb9a1f9,0,0,5,1
0d7aad6d3cc743198133e5daddb9a1f9,0,0,6,0
0d7aad6d3cc743198133e5daddb9a1f9,0,1,1,0
0d7aad6d3cc743198133e5daddb9a1f9,0,1,2,0
0d7aad6d3cc743198133e5daddb9a1f9,0,1,3,0
0d7aad6d3cc743198133e5daddb9a1f9,0,1,4,1
0d7aad6d3cc743198133e5daddb9a1f9,0,1,5,0
0d7aad6d3cc743198133e5daddb9a1f9,0,1,6,0
0d7aad6d3cc743198133e5daddb9a1f9,0,2,1,0
0d7aad6d3cc743198133e5daddb9a1f9,0,2,2,0
0d7aad6d3cc743198133e5daddb9a1f9,0,2,3,0
0d7aad6d3cc743198133e5daddb9a1f9,0,2,4,0
0d7aad6d3cc743198133e5daddb9a1f9,0,2,5,1
0d7aad6d3cc743198133e5daddb9a1f9,0,2,6,0
0d7aad6d3cc743198133e5daddb9a1f9,0,3,1,1
0d7aad6d3cc743198133e5daddb9a1f9,0,3,2,0
0d7aad6d3cc743198133e5daddb9a1f9,0,3,3,0
0d7aad6d3cc743198133e5daddb9a1f9,0,3,4,0
0d7aad6d3cc743198133e5daddb9a1f9,0,3,5,0
0d7aad6d3cc743198133e5daddb9a1f9,0,3,6,0
0d7aad6d3cc743198133e5daddb9a1f9,0,4,1,0
0d7aad6d3cc743198133e5daddb9a1f9,0,4,2,0
0d7aad6d3cc743198133e5daddb9a1f9,0,4,3,0
0d7aad6d3cc743198133e5daddb9a1f9,0,4,4,0
0d7aad6d3cc743198133e5daddb9a1f9,0,4,5,1
0d7aad6d3cc743198133e5daddb9a1f9,0,4,6,0
0d7aad6d3cc743198133e5daddb9a1f9,0,5,1,0
0d7aad6d3cc743198133e5daddb9a1f9,0,5,2,0
0d7aad6d3cc743198133e5daddb9a1f9,0,5,3,0
0d7aad6d3cc743198133e5daddb9a1f9,0,5,4,0
0d7aad6d3cc743198133e5daddb9a1f9,0,5,5,1
0d7aad6d3cc743198133e5daddb9a1f9,0,5,6,0
0d7aad6d3cc743198133e5daddb9a1f9,0,6,1,0
0d7aad6d3cc743198133e5daddb9a1f9,0,6,2,0
0d7aad6d3cc743198133e5daddb9a1f9,0,6,3,0
0d7aad6d3cc743198133e5daddb9a1f9,0,6,4,0
0d7aad6d3cc743198133e5daddb9a1f9,0,6,5,0
0d7aad6d3cc743198133e5daddb9a1f9,0,6,6,1
0d7aad6d3cc743198133e5daddb9a1f9,0,7,1,1
0d7aad6d3cc743198133e5daddb9a1f9,0,7,2,0
0d7aad6d3cc743198133e5daddb9a1f9,0,7,3,0
0d7aad6d3cc743198133e5daddb9a1f9,0,7,4,0
0d7aad6d3cc743198133e5daddb9a1f9,0,7,5,0
0d7aad6d3cc743198133e5daddb9a1f9,0,7,6,0
0d7aad6d3cc743198133e5daddb9a1f9,0,8,1,0
0d7aad6d3cc743198133e5daddb9a1f9,0,8,2,0
0d7aad6d3cc743198133e5daddb9a1f9,0,8,3,0
0d7aad6d3cc743198133e5daddb9a1f9,0,8,4,0
0d7aad6d3cc743198133e5daddb9a1f9,0,8,5,1
0d7aad6d3cc743198133e5daddb9a1f9,0,8,6,0
0d7aad6d3cc743198133e5daddb9a1f9,0,9,1,0
0d7aad6d3cc743198133e5daddb9a1f9,0,9,2,0
0d7aad6d3cc743198133e5daddb9a1f9,0,9,3,0
0d7aad6d3cc743198133e5daddb9a1f9,0,9,4,0
0d7aad6d3cc743198133e5daddb9a1f9,0,9,5,1
0d7aad6d3cc743198133e5daddb9a1f9,0,9,6,0
6aca76cd1d6241868d6d11a2336a0d7f,1,1,1,1
6aca76cd1d6241868d6d11a2336a0d7f,1,1,2,0
6aca76cd1d6241868d6d11a2336a0d7f,1,1,3,0
6aca76cd1d6241868d6d11a2336a0d7f,1,1,4,0
6aca76cd1d6241868d6d11a2336a0d7f,1,1,5,0
6aca76cd1d6241868d6d11a2336a0d7f,1,1,6,0
6aca76cd1d6241868d6d11a2336a0d7f,1,0,1,0
6aca76cd1d6241868d6d11a2336a0d7f,1,0,2,1
6aca76cd1d6241868d6d11a2336a0d7f,1,0,3,1
6aca76cd1d6241868d6d11a2336a0d7f,1,0,4,1
6aca76cd1d6241868d6d11a2336a0d7f,1,0,5,1
6aca76cd1d6241868d6d11a2336a0d7f,1,0,6,0
6aca76cd1d6241868d6d11a2336a0d7f,1,3,1,0
6aca76cd1d6241868d6d11a2336a0d7f,1,3,2,0
6aca76cd1d6241868d6d11a2336a0d7f,1,3,3,0
6aca76cd1d6241868d6d11a2336a0d7f,1,3,4,1
6aca76cd1d6241868d6d11a2336a0d7f,1,3,5,0
6aca76cd1d6241868d6d11a2336a0d7f,1,3,6,0
6aca76cd1d6241868d6d11a2336a0d7f,1,2,1,0
6aca76cd1d6241868d6d11a2336a0d7f,1,2,2,0
6aca76cd1d6241868d6d11a2336a0d7f,1,2,3,0
6aca76cd1d6241868d6d11a2336a0d7f,1,2,4,1
6aca76cd1d6241868d6d11a2336a0d7f,1,2,5,0
6aca76cd1d6241868d6d11a2336a0d7f,1,2,6,0
6aca76cd1d6241868d6d11a2336a0d7f,1,4,1,0
6aca76cd1d6241868d6d11a2336a0d7f,1,4,2,0
6aca76cd1d6241868d6d11a2336a0d7f,1,4,3,0
6aca76cd1d6241868d6d11a2336a0d7f,1,4,4,1
6aca76cd1d6241868d6d11a2336a0d7f,1,4,5,0
6aca76cd1d6241868d6d11a2336a0d7f,1,4,6,0
6aca76cd1d6241868d6d11a2336a0d7f,1,5,1,0
6aca76cd1d6241868d6d11a2336a0d7f,1,5,2,0
6aca76cd1d6241868d6d11a2336a0d7f,1,5,3,0
6aca76cd1d6241868d6d11a2336a0d7f,1,5,4,1
6aca76cd1d6241868d6d11a2336a0d7f,1,5,5,0
6aca76cd1d6241868d6d11a2336a0d7f,1,5,6,0
6aca76cd1d6241868d6d11a2336a0d7f,1,7,1,0
6aca76cd1d6241868d6d11a2336a0d7f,1,7,2,0
6aca76cd1d6241868d6d11a2336a0d7f,1,7,3,1
6aca76cd1d6241868d6d11a2336a0d7f,1,7,4,0
6aca76cd1d6241868d6d11a2336a0d7f,1,7,5,0
6aca76cd1d6241868d6d11a2336a0d7f,1,7,6,0
6aca76cd1d6241868d6d11a2336a0d7f,1,6,1,0
6aca76cd1d6241868d6d11a2336a0d7f,1,6,2,0
6aca76cd1d6241868d6d11a2336a0d7f,1,6,3,0
6aca76cd1d6241868d6d11a2336a0d7f,1,6,4,0
6aca76cd1d6241868d6d11a2336a0d7f,1,6,5,0
6aca76cd1d6241868d6d11a2336a0d7f,1,6,6,1
6aca76cd1d6241868d6d11a2336a0d7f,1,9,1,0
6aca76cd1d6241868d6d11a2336a0d7f,1,9,2,0
6aca76cd1d6241868d6d11a2336a0d7f,1,9,3,0
6aca76cd1d6241868d6d11a2336a0d7f,1,9,4,1
6aca76cd1d6241868d6d11a2336a0d7f,1,9,5,0
6aca76cd1d6241868d6d11a2336a0d7f,1,9,6,0
6aca76cd1d6241868d6d11a2336a0d7f,1,8,1,0
6aca76cd1d6241868d6d11a2336a0d7f,1,8,2,0
6aca76cd1d6241868d6d11a2336a0d7f,1,8,3,1
6aca76cd1d6241868d6d11a2336a0d7f,1,8,4,0
6aca76cd1d6241868d6d11a2336a0d7f,1,8,5,0
6aca76cd1d6241868d6d11a2336a0d7f,1,8,6,0
