"","userId","group","BlockNr","TrialNr","timeAgreementScene","timeStartScene","timeStableUntilFeeding","timeFeedbackScene"
"1","XYHV","C",1,1,40311,26226,25418,30413
"2","XYHV","C",1,2,40311,26226,25636,30413
"3","XYHV","C",1,3,40311,26226,45789,30413
"4","XYHV","C",2,4,40311,26226,41574,19308
"5","XYHV","C",2,5,40311,26226,43801,19308
"6","XYHV","C",2,6,40311,26226,31031,19308
"7","XYHV","C",3,7,40311,26226,49822,10913
"8","XYHV","C",3,8,40311,26226,38461,10913
"9","XYHV","C",3,9,40311,26226,42051,10913
"10","XYHV","C",4,10,40311,26226,36066,18728
"11","XYHV","C",4,11,40311,26226,27382,18728
"12","XYHV","C",4,12,40311,26226,41068,18728
"13","XYHV","C",5,13,40311,26226,12155,25689
"14","XYHV","C",5,14,40311,26226,13589,25689
"15","XYHV","C",5,15,40311,26226,47521,25689
"16","QNTD","P",1,1,38036,49200,28625,41382
"17","QNTD","P",1,2,38036,49200,11303,41382
"18","QNTD","P",1,3,38036,49200,21705,41382
"19","QNTD","P",2,4,38036,49200,26516,16740
"20","QNTD","P",2,5,38036,49200,11416,16740
"21","QNTD","P",2,6,38036,49200,31673,16740
"22","QNTD","P",3,7,38036,49200,28044,22555
"23","QNTD","P",3,8,38036,49200,27425,22555
"24","QNTD","P",3,9,38036,49200,21548,22555
"25","QNTD","P",4,10,38036,49200,30008,19742
"26","QNTD","P",4,11,38036,49200,13105,19742
"27","QNTD","P",4,12,38036,49200,34951,19742
"28","QNTD","P",5,13,38036,49200,32738,34461
"29","QNTD","P",5,14,38036,49200,29800,34461
"30","QNTD","P",5,15,38036,49200,5345,34461
"31","RSLS","C",1,1,41443,48605,18430,40352
"32","RSLS","C",1,2,41443,48605,37815,40352
"33","RSLS","C",1,3,41443,48605,7367,40352
"34","RSLS","C",2,4,41443,48605,13511,40919
"35","RSLS","C",2,5,41443,48605,26676,40919
"36","RSLS","C",2,6,41443,48605,17643,40919
"37","RSLS","C",3,7,41443,48605,34631,41441
"38","RSLS","C",3,8,41443,48605,25741,41441
"39","RSLS","C",3,9,41443,48605,30101,41441
"40","RSLS","C",4,10,41443,48605,11345,15326
"41","RSLS","C",4,11,41443,48605,45179,15326
"42","RSLS","C",4,12,41443,48605,28767,15326
"43","RSLS","C",5,13,41443,48605,46377,13578
"44","RSLS","C",5,14,41443,48605,30635,13578
"45","RSLS","C",5,15,41443,48605,14213,13578
"46","YGMY","P",1,1,34347,46611,49316,48719
"47","YGMY","P",1,2,34347,46611,41848,48719
"48","YGMY","P",1,3,34347,46611,45197,48719
"49","YGMY","P",2,4,34347,46611,16639,28189
"50","YGMY","P",2,5,34347,46611,21157,28189
"51","YGMY","P",2,6,34347,46611,45850,28189
"52","YGMY","P",3,7,34347,46611,32104,49699
"53","YGMY","P",3,8,34347,46611,41520,49699
"54","YGMY","P",3,9,34347,46611,8164,49699
"55","YGMY","P",4,10,34347,46611,19521,11798
"56","YGMY","P",4,11,34347,46611,35237,11798
"57","YGMY","P",4,12,34347,46611,6051,11798
"58","YGMY","P",5,13,34347,46611,7450,11689
"59","YGMY","P",5,14,34347,46611,47445,11689
"60","YGMY","P",5,15,34347,46611,45410,11689
"61","ZDMO","C",1,1,46151,33687,25301,41882
"62","ZDMO","C",1,2,46151,33687,9865,41882
"63","ZDMO","C",1,3,46151,33687,17258,41882
"64","ZDMO","C",2,4,46151,33687,10032,41073
"65","ZDMO","C",2,5,46151,33687,17060,41073
"66","ZDMO","C",2,6,46151,33687,10818,41073
"67","ZDMO","C",3,7,46151,33687,47790,21182
"68","ZDMO","C",3,8,46151,33687,9246,21182
"69","ZDMO","C",3,9,46151,33687,49897,21182
"70","ZDMO","C",4,10,46151,33687,45072,13537
"71","ZDMO","C",4,11,46151,33687,36648,13537
"72","ZDMO","C",4,12,46151,33687,19249,13537
"73","ZDMO","C",5,13,46151,33687,19377,43448
"74","ZDMO","C",5,14,46151,33687,15591,43448
"75","ZDMO","C",5,15,46151,33687,44611,43448
"76","XDZY","P",1,1,16792,27167,20319,23241
"77","XDZY","P",1,2,16792,27167,37726,23241
"78","XDZY","P",1,3,16792,27167,36181,23241
"79","XDZY","P",2,4,16792,27167,39416,13679
"80","XDZY","P",2,5,16792,27167,23702,13679
"81","XDZY","P",2,6,16792,27167,36459,13679
"82","XDZY","P",3,7,16792,27167,44820,24972
"83","XDZY","P",3,8,16792,27167,27702,24972
"84","XDZY","P",3,9,16792,27167,22689,24972
"85","XDZY","P",4,10,16792,27167,49026,45930
"86","XDZY","P",4,11,16792,27167,44743,45930
"87","XDZY","P",4,12,16792,27167,25195,45930
"88","XDZY","P",5,13,16792,27167,7116,29742
"89","XDZY","P",5,14,16792,27167,45527,29742
"90","XDZY","P",5,15,16792,27167,18115,29742
"91","CNKX","C",1,1,25245,21678,29106,20481
"92","CNKX","C",1,2,25245,21678,11135,20481
"93","CNKX","C",1,3,25245,21678,48718,20481
"94","CNKX","C",2,4,25245,21678,11384,48234
"95","CNKX","C",2,5,25245,21678,9323,48234
"96","CNKX","C",2,6,25245,21678,43628,48234
"97","CNKX","C",3,7,25245,21678,32595,18075
"98","CNKX","C",3,8,25245,21678,25505,18075
"99","CNKX","C",3,9,25245,21678,44010,18075
"100","CNKX","C",4,10,25245,21678,27253,46648
"101","CNKX","C",4,11,25245,21678,31233,46648
"102","CNKX","C",4,12,25245,21678,49114,46648
"103","CNKX","C",5,13,25245,21678,30827,22784
"104","CNKX","C",5,14,25245,21678,20171,22784
"105","CNKX","C",5,15,25245,21678,27035,22784
"106","LVTV","P",1,1,23129,7084,10641,19666
"107","LVTV","P",1,2,23129,7084,43643,19666
"108","LVTV","P",1,3,23129,7084,44361,19666
"109","LVTV","P",2,4,23129,7084,48219,15120
"110","LVTV","P",2,5,23129,7084,28782,15120
"111","LVTV","P",2,6,23129,7084,15461,15120
"112","LVTV","P",3,7,23129,7084,21839,26653
"113","LVTV","P",3,8,23129,7084,37001,26653
"114","LVTV","P",3,9,23129,7084,37304,26653
"115","LVTV","P",4,10,23129,7084,49241,10069
"116","LVTV","P",4,11,23129,7084,36281,10069
"117","LVTV","P",4,12,23129,7084,13296,10069
"118","LVTV","P",5,13,23129,7084,48918,23716
"119","LVTV","P",5,14,23129,7084,38305,23716
"120","LVTV","P",5,15,23129,7084,12119,23716
"121","KRAV","C",1,1,10252,44363,33388,29945
"122","KRAV","C",1,2,10252,44363,33265,29945
"123","KRAV","C",1,3,10252,44363,43571,29945
"124","KRAV","C",2,4,10252,44363,31539,13460
"125","KRAV","C",2,5,10252,44363,15726,13460
"126","KRAV","C",2,6,10252,44363,7221,13460
"127","KRAV","C",3,7,10252,44363,33716,48591
"128","KRAV","C",3,8,10252,44363,31038,48591
"129","KRAV","C",3,9,10252,44363,10187,48591
"130","KRAV","C",4,10,10252,44363,45015,26432
"131","KRAV","C",4,11,10252,44363,22096,26432
"132","KRAV","C",4,12,10252,44363,8443,26432
"133","KRAV","C",5,13,10252,44363,25876,31276
"134","KRAV","C",5,14,10252,44363,10293,31276
"135","KRAV","C",5,15,10252,44363,7581,31276
"136","AFXP","P",1,1,49620,46343,20312,14621
"137","AFXP","P",1,2,49620,46343,46439,14621
"138","AFXP","P",1,3,49620,46343,46925,14621
"139","AFXP","P",2,4,49620,46343,23465,33986
"140","AFXP","P",2,5,49620,46343,39040,33986
"141","AFXP","P",2,6,49620,46343,24533,33986
"142","AFXP","P",3,7,49620,46343,27638,41864
"143","AFXP","P",3,8,49620,46343,18653,41864
"144","AFXP","P",3,9,49620,46343,41702,41864
"145","AFXP","P",4,10,49620,46343,27845,48208
"146","AFXP","P",4,11,49620,46343,9288,48208
"147","AFXP","P",4,12,49620,46343,24491,48208
"148","AFXP","P",5,13,49620,46343,20445,34956
"149","AFXP","P",5,14,49620,46343,14851,34956
"150","AFXP","P",5,15,49620,46343,38483,34956
"151","JLAZ","C",1,1,49476,6255,7996,25696
"152","JLAZ","C",1,2,49476,6255,40084,25696
"153","JLAZ","C",1,3,49476,6255,40885,25696
"154","JLAZ","C",2,4,49476,6255,43483,42989
"155","JLAZ","C",2,5,49476,6255,43749,42989
"156","JLAZ","C",2,6,49476,6255,28835,42989
"157","JLAZ","C",3,7,49476,6255,34732,17164
"158","JLAZ","C",3,8,49476,6255,5791,17164
"159","JLAZ","C",3,9,49476,6255,41997,17164
"160","JLAZ","C",4,10,49476,6255,31759,33220
"161","JLAZ","C",4,11,49476,6255,7305,33220
"162","JLAZ","C",4,12,49476,6255,18914,33220
"163","JLAZ","C",5,13,49476,6255,15568,35131
"164","JLAZ","C",5,14,49476,6255,36515,35131
"165","JLAZ","C",5,15,49476,6255,30287,35131
"166","LYXQ","P",1,1,28419,14612,11007,23444
"167","LYXQ","P",1,2,28419,14612,22564,23444
"168","LYXQ","P",1,3,28419,14612,12798,23444
"169","LYXQ","P",2,4,28419,14612,15578,28858
"170","LYXQ","P",2,5,28419,14612,16652,28858
"171","LYXQ","P",2,6,28419,14612,11187,28858
"172","LYXQ","P",3,7,28419,14612,48471,31222
"173","LYXQ","P",3,8,28419,14612,23520,31222
"174","LYXQ","P",3,9,28419,14612,19676,31222
"175","LYXQ","P",4,10,28419,14612,27324,24793
"176","LYXQ","P",4,11,28419,14612,24073,24793
"177","LYXQ","P",4,12,28419,14612,9578,24793
"178","LYXQ","P",5,13,28419,14612,9282,25221
"179","LYXQ","P",5,14,28419,14612,38948,25221
"180","LYXQ","P",5,15,28419,14612,27150,25221
"181","ZQIJ","C",1,1,24103,7370,18214,33512
"182","ZQIJ","C",1,2,24103,7370,18232,33512
"183","ZQIJ","C",1,3,24103,7370,46073,33512
"184","ZQIJ","C",2,4,24103,7370,24193,14974
"185","ZQIJ","C",2,5,24103,7370,11877,14974
"186","ZQIJ","C",2,6,24103,7370,15563,14974
"187","ZQIJ","C",3,7,24103,7370,26676,25170
"188","ZQIJ","C",3,8,24103,7370,23945,25170
"189","ZQIJ","C",3,9,24103,7370,47298,25170
"190","ZQIJ","C",4,10,24103,7370,44401,13664
"191","ZQIJ","C",4,11,24103,7370,24147,13664
"192","ZQIJ","C",4,12,24103,7370,29530,13664
"193","ZQIJ","C",5,13,24103,7370,37644,18250
"194","ZQIJ","C",5,14,24103,7370,41630,18250
"195","ZQIJ","C",5,15,24103,7370,11335,18250
"196","KUBT","P",1,1,42904,46018,32616,9608
"197","KUBT","P",1,2,42904,46018,39560,9608
"198","KUBT","P",1,3,42904,46018,49414,9608
"199","KUBT","P",2,4,42904,46018,34337,11262
"200","KUBT","P",2,5,42904,46018,30241,11262
"201","KUBT","P",2,6,42904,46018,36027,11262
"202","KUBT","P",3,7,42904,46018,21021,10918
"203","KUBT","P",3,8,42904,46018,28152,10918
"204","KUBT","P",3,9,42904,46018,27305,10918
"205","KUBT","P",4,10,42904,46018,10490,16253
"206","KUBT","P",4,11,42904,46018,9933,16253
"207","KUBT","P",4,12,42904,46018,6465,16253
"208","KUBT","P",5,13,42904,46018,42518,31913
"209","KUBT","P",5,14,42904,46018,41209,31913
"210","KUBT","P",5,15,42904,46018,39076,31913
"211","REGN","C",1,1,25321,47284,46226,19203
"212","REGN","C",1,2,25321,47284,11962,19203
"213","REGN","C",1,3,25321,47284,40525,19203
"214","REGN","C",2,4,25321,47284,44360,37539
"215","REGN","C",2,5,25321,47284,27707,37539
"216","REGN","C",2,6,25321,47284,29989,37539
"217","REGN","C",3,7,25321,47284,10474,34166
"218","REGN","C",3,8,25321,47284,30245,34166
"219","REGN","C",3,9,25321,47284,21846,34166
"220","REGN","C",4,10,25321,47284,12143,18502
"221","REGN","C",4,11,25321,47284,32369,18502
"222","REGN","C",4,12,25321,47284,28695,18502
"223","REGN","C",5,13,25321,47284,49501,25876
"224","REGN","C",5,14,25321,47284,18766,25876
"225","REGN","C",5,15,25321,47284,21390,25876
"226","RZTO","P",1,1,11620,34776,17036,12623
"227","RZTO","P",1,2,11620,34776,40390,12623
"228","RZTO","P",1,3,11620,34776,44226,12623
"229","RZTO","P",2,4,11620,34776,31123,18654
"230","RZTO","P",2,5,11620,34776,21402,18654
"231","RZTO","P",2,6,11620,34776,10212,18654
"232","RZTO","P",3,7,11620,34776,39078,42093
"233","RZTO","P",3,8,11620,34776,36333,42093
"234","RZTO","P",3,9,11620,34776,10073,42093
"235","RZTO","P",4,10,11620,34776,14555,13238
"236","RZTO","P",4,11,11620,34776,12376,13238
"237","RZTO","P",4,12,11620,34776,40941,13238
"238","RZTO","P",5,13,11620,34776,37428,34251
"239","RZTO","P",5,14,11620,34776,40408,34251
"240","RZTO","P",5,15,11620,34776,37394,34251
"241","WEHV","C",1,1,47415,24560,30061,30332
"242","WEHV","C",1,2,47415,24560,17765,30332
"243","WEHV","C",1,3,47415,24560,27384,30332
"244","WEHV","C",2,4,47415,24560,22215,28085
"245","WEHV","C",2,5,47415,24560,32439,28085
"246","WEHV","C",2,6,47415,24560,34337,28085
"247","WEHV","C",3,7,47415,24560,43780,44818
"248","WEHV","C",3,8,47415,24560,25967,44818
"249","WEHV","C",3,9,47415,24560,49246,44818
"250","WEHV","C",4,10,47415,24560,45920,16484
"251","WEHV","C",4,11,47415,24560,13126,16484
"252","WEHV","C",4,12,47415,24560,19588,16484
"253","WEHV","C",5,13,47415,24560,14388,18388
"254","WEHV","C",5,14,47415,24560,29868,18388
"255","WEHV","C",5,15,47415,24560,48744,18388
"256","SGBD","P",1,1,33574,15902,41475,18227
"257","SGBD","P",1,2,33574,15902,28675,18227
"258","SGBD","P",1,3,33574,15902,38810,18227
"259","SGBD","P",2,4,33574,15902,19284,45219
"260","SGBD","P",2,5,33574,15902,49718,45219
"261","SGBD","P",2,6,33574,15902,38521,45219
"262","SGBD","P",3,7,33574,15902,42174,27083
"263","SGBD","P",3,8,33574,15902,49266,27083
"264","SGBD","P",3,9,33574,15902,32317,27083
"265","SGBD","P",4,10,33574,15902,20885,20036
"266","SGBD","P",4,11,33574,15902,47361,20036
"267","SGBD","P",4,12,33574,15902,35804,20036
"268","SGBD","P",5,13,33574,15902,15477,26539
"269","SGBD","P",5,14,33574,15902,38667,26539
"270","SGBD","P",5,15,33574,15902,37497,26539
"271","FMFS","C",1,1,37021,42780,24998,49755
"272","FMFS","C",1,2,37021,42780,34314,49755
"273","FMFS","C",1,3,37021,42780,45988,49755
"274","FMFS","C",2,4,37021,42780,9824,38804
"275","FMFS","C",2,5,37021,42780,30243,38804
"276","FMFS","C",2,6,37021,42780,42125,38804
"277","FMFS","C",3,7,37021,42780,11438,23367
"278","FMFS","C",3,8,37021,42780,12271,23367
"279","FMFS","C",3,9,37021,42780,39920,23367
"280","FMFS","C",4,10,37021,42780,16786,31765
"281","FMFS","C",4,11,37021,42780,41588,31765
"282","FMFS","C",4,12,37021,42780,43341,31765
"283","FMFS","C",5,13,37021,42780,35202,43157
"284","FMFS","C",5,14,37021,42780,21691,43157
"285","FMFS","C",5,15,37021,42780,37434,43157
"286","AJNA","P",1,1,27074,7310,14837,48892
"287","AJNA","P",1,2,27074,7310,43613,48892
"288","AJNA","P",1,3,27074,7310,39697,48892
"289","AJNA","P",2,4,27074,7310,32067,37141
"290","AJNA","P",2,5,27074,7310,18033,37141
"291","AJNA","P",2,6,27074,7310,24525,37141
"292","AJNA","P",3,7,27074,7310,48758,17899
"293","AJNA","P",3,8,27074,7310,5876,17899
"294","AJNA","P",3,9,27074,7310,15284,17899
"295","AJNA","P",4,10,27074,7310,37633,27286
"296","AJNA","P",4,11,27074,7310,14805,27286
"297","AJNA","P",4,12,27074,7310,16703,27286
"298","AJNA","P",5,13,27074,7310,11009,44782
"299","AJNA","P",5,14,27074,7310,31076,44782
"300","AJNA","P",5,15,27074,7310,10574,44782
"301","PEJQ","C",1,1,13620,26529,17713,15173
"302","PEJQ","C",1,2,13620,26529,5806,15173
"303","PEJQ","C",1,3,13620,26529,8387,15173
"304","PEJQ","C",2,4,13620,26529,5983,22533
"305","PEJQ","C",2,5,13620,26529,5175,22533
"306","PEJQ","C",2,6,13620,26529,37037,22533
"307","PEJQ","C",3,7,13620,26529,28804,34043
"308","PEJQ","C",3,8,13620,26529,41493,34043
"309","PEJQ","C",3,9,13620,26529,45007,34043
"310","PEJQ","C",4,10,13620,26529,49555,17493
"311","PEJQ","C",4,11,13620,26529,27065,17493
"312","PEJQ","C",4,12,13620,26529,39508,17493
"313","PEJQ","C",5,13,13620,26529,42521,43756
"314","PEJQ","C",5,14,13620,26529,33684,43756
"315","PEJQ","C",5,15,13620,26529,48531,43756
"316","UOGC","P",1,1,40423,35690,5823,43547
"317","UOGC","P",1,2,40423,35690,14400,43547
"318","UOGC","P",1,3,40423,35690,45601,43547
"319","UOGC","P",2,4,40423,35690,24438,27719
"320","UOGC","P",2,5,40423,35690,48178,27719
"321","UOGC","P",2,6,40423,35690,17507,27719
"322","UOGC","P",3,7,40423,35690,16247,30487
"323","UOGC","P",3,8,40423,35690,27274,30487
"324","UOGC","P",3,9,40423,35690,34728,30487
"325","UOGC","P",4,10,40423,35690,14129,26096
"326","UOGC","P",4,11,40423,35690,9494,26096
"327","UOGC","P",4,12,40423,35690,12076,26096
"328","UOGC","P",5,13,40423,35690,18667,34567
"329","UOGC","P",5,14,40423,35690,21280,34567
"330","UOGC","P",5,15,40423,35690,22909,34567
"331","CHRA","C",1,1,33829,42523,43961,48781
"332","CHRA","C",1,2,33829,42523,16606,48781
"333","CHRA","C",1,3,33829,42523,15413,48781
"334","CHRA","C",2,4,33829,42523,23323,29829
"335","CHRA","C",2,5,33829,42523,18498,29829
"336","CHRA","C",2,6,33829,42523,16343,29829
"337","CHRA","C",3,7,33829,42523,20018,17840
"338","CHRA","C",3,8,33829,42523,35965,17840
"339","CHRA","C",3,9,33829,42523,9108,17840
"340","CHRA","C",4,10,33829,42523,9335,20773
"341","CHRA","C",4,11,33829,42523,15110,20773
"342","CHRA","C",4,12,33829,42523,11381,20773
"343","CHRA","C",5,13,33829,42523,13307,25048
"344","CHRA","C",5,14,33829,42523,29062,25048
"345","CHRA","C",5,15,33829,42523,9227,25048
"346","FYYT","P",1,1,28158,45868,15402,23079
"347","FYYT","P",1,2,28158,45868,29834,23079
"348","FYYT","P",1,3,28158,45868,46519,23079
"349","FYYT","P",2,4,28158,45868,22125,20745
"350","FYYT","P",2,5,28158,45868,16630,20745
"351","FYYT","P",2,6,28158,45868,19353,20745
"352","FYYT","P",3,7,28158,45868,17883,13142
"353","FYYT","P",3,8,28158,45868,46804,13142
"354","FYYT","P",3,9,28158,45868,44727,13142
"355","FYYT","P",4,10,28158,45868,19118,48651
"356","FYYT","P",4,11,28158,45868,13709,48651
"357","FYYT","P",4,12,28158,45868,18542,48651
"358","FYYT","P",5,13,28158,45868,15975,32792
"359","FYYT","P",5,14,28158,45868,6719,32792
"360","FYYT","P",5,15,28158,45868,36069,32792
"361","INTQ","C",1,1,11606,49763,41778,43426
"362","INTQ","C",1,2,11606,49763,48837,43426
"363","INTQ","C",1,3,11606,49763,32179,43426
"364","INTQ","C",2,4,11606,49763,12328,42082
"365","INTQ","C",2,5,11606,49763,28951,42082
"366","INTQ","C",2,6,11606,49763,28723,42082
"367","INTQ","C",3,7,11606,49763,37434,35244
"368","INTQ","C",3,8,11606,49763,32060,35244
"369","INTQ","C",3,9,11606,49763,36258,35244
"370","INTQ","C",4,10,11606,49763,38894,38460
"371","INTQ","C",4,11,11606,49763,14420,38460
"372","INTQ","C",4,12,11606,49763,49802,38460
"373","INTQ","C",5,13,11606,49763,47039,24385
"374","INTQ","C",5,14,11606,49763,45234,24385
"375","INTQ","C",5,15,11606,49763,18653,24385
"376","QFFK","P",1,1,13172,27546,30228,35720
"377","QFFK","P",1,2,13172,27546,15344,35720
"378","QFFK","P",1,3,13172,27546,46372,35720
"379","QFFK","P",2,4,13172,27546,15106,45430
"380","QFFK","P",2,5,13172,27546,37192,45430
"381","QFFK","P",2,6,13172,27546,6466,45430
"382","QFFK","P",3,7,13172,27546,20049,41884
"383","QFFK","P",3,8,13172,27546,37718,41884
"384","QFFK","P",3,9,13172,27546,24703,41884
"385","QFFK","P",4,10,13172,27546,18024,40979
"386","QFFK","P",4,11,13172,27546,13597,40979
"387","QFFK","P",4,12,13172,27546,36615,40979
"388","QFFK","P",5,13,13172,27546,5746,16770
"389","QFFK","P",5,14,13172,27546,6861,16770
"390","QFFK","P",5,15,13172,27546,28409,16770
"391","YZTT","C",1,1,25812,45024,18935,35801
"392","YZTT","C",1,2,25812,45024,15114,35801
"393","YZTT","C",1,3,25812,45024,31444,35801
"394","YZTT","C",2,4,25812,45024,24599,37790
"395","YZTT","C",2,5,25812,45024,13567,37790
"396","YZTT","C",2,6,25812,45024,45517,37790
"397","YZTT","C",3,7,25812,45024,42741,27747
"398","YZTT","C",3,8,25812,45024,8716,27747
"399","YZTT","C",3,9,25812,45024,5291,27747
"400","YZTT","C",4,10,25812,45024,44266,23136
"401","YZTT","C",4,11,25812,45024,22233,23136
"402","YZTT","C",4,12,25812,45024,48056,23136
"403","YZTT","C",5,13,25812,45024,31384,33315
"404","YZTT","C",5,14,25812,45024,14632,33315
"405","YZTT","C",5,15,25812,45024,10301,33315
"406","NAPV","P",1,1,44489,15024,42971,16662
"407","NAPV","P",1,2,44489,15024,15159,16662
"408","NAPV","P",1,3,44489,15024,7099,16662
"409","NAPV","P",2,4,44489,15024,11496,10984
"410","NAPV","P",2,5,44489,15024,45241,10984
"411","NAPV","P",2,6,44489,15024,30322,10984
"412","NAPV","P",3,7,44489,15024,34737,39463
"413","NAPV","P",3,8,44489,15024,38850,39463
"414","NAPV","P",3,9,44489,15024,29920,39463
"415","NAPV","P",4,10,44489,15024,13068,9718
"416","NAPV","P",4,11,44489,15024,21932,9718
"417","NAPV","P",4,12,44489,15024,45375,9718
"418","NAPV","P",5,13,44489,15024,42668,49399
"419","NAPV","P",5,14,44489,15024,11260,49399
"420","NAPV","P",5,15,44489,15024,34729,49399
"421","TLNN","C",1,1,9611,9774,38558,39039
"422","TLNN","C",1,2,9611,9774,43299,39039
"423","TLNN","C",1,3,9611,9774,23411,39039
"424","TLNN","C",2,4,9611,9774,48067,11629
"425","TLNN","C",2,5,9611,9774,34790,11629
"426","TLNN","C",2,6,9611,9774,44052,11629
"427","TLNN","C",3,7,9611,9774,14297,46917
"428","TLNN","C",3,8,9611,9774,25987,46917
"429","TLNN","C",3,9,9611,9774,39241,46917
"430","TLNN","C",4,10,9611,9774,18728,31883
"431","TLNN","C",4,11,9611,9774,37214,31883
"432","TLNN","C",4,12,9611,9774,13793,31883
"433","TLNN","C",5,13,9611,9774,36762,20401
"434","TLNN","C",5,14,9611,9774,26422,20401
"435","TLNN","C",5,15,9611,9774,34077,20401
"436","AJPV","P",1,1,44176,35651,16053,32766
"437","AJPV","P",1,2,44176,35651,10678,32766
"438","AJPV","P",1,3,44176,35651,19730,32766
"439","AJPV","P",2,4,44176,35651,31235,47489
"440","AJPV","P",2,5,44176,35651,21732,47489
"441","AJPV","P",2,6,44176,35651,30484,47489
"442","AJPV","P",3,7,44176,35651,22443,23743
"443","AJPV","P",3,8,44176,35651,26609,23743
"444","AJPV","P",3,9,44176,35651,29557,23743
"445","AJPV","P",4,10,44176,35651,38293,40229
"446","AJPV","P",4,11,44176,35651,5340,40229
"447","AJPV","P",4,12,44176,35651,40613,40229
"448","AJPV","P",5,13,44176,35651,43621,33560
"449","AJPV","P",5,14,44176,35651,48813,33560
"450","AJPV","P",5,15,44176,35651,19832,33560
"451","JKOP","C",1,1,36823,18836,40508,47016
"452","JKOP","C",1,2,36823,18836,18067,47016
"453","JKOP","C",1,3,36823,18836,19516,47016
"454","JKOP","C",2,4,36823,18836,5730,43060
"455","JKOP","C",2,5,36823,18836,26137,43060
"456","JKOP","C",2,6,36823,18836,27897,43060
"457","JKOP","C",3,7,36823,18836,28608,46957
"458","JKOP","C",3,8,36823,18836,41475,46957
"459","JKOP","C",3,9,36823,18836,41407,46957
"460","JKOP","C",4,10,36823,18836,23538,34836
"461","JKOP","C",4,11,36823,18836,43541,34836
"462","JKOP","C",4,12,36823,18836,24199,34836
"463","JKOP","C",5,13,36823,18836,32819,25126
"464","JKOP","C",5,14,36823,18836,38887,25126
"465","JKOP","C",5,15,36823,18836,29610,25126
"466","SKXZ","P",1,1,47878,25754,37054,34247
"467","SKXZ","P",1,2,47878,25754,22347,34247
"468","SKXZ","P",1,3,47878,25754,6506,34247
"469","SKXZ","P",2,4,47878,25754,7109,37817
"470","SKXZ","P",2,5,47878,25754,49810,37817
"471","SKXZ","P",2,6,47878,25754,25294,37817
"472","SKXZ","P",3,7,47878,25754,34279,47092
"473","SKXZ","P",3,8,47878,25754,27360,47092
"474","SKXZ","P",3,9,47878,25754,35979,47092
"475","SKXZ","P",4,10,47878,25754,28423,32355
"476","SKXZ","P",4,11,47878,25754,28311,32355
"477","SKXZ","P",4,12,47878,25754,25392,32355
"478","SKXZ","P",5,13,47878,25754,21852,43677
"479","SKXZ","P",5,14,47878,25754,23537,43677
"480","SKXZ","P",5,15,47878,25754,33442,43677
"481","GSXP","C",1,1,11256,13252,13821,17179
"482","GSXP","C",1,2,11256,13252,25169,17179
"483","GSXP","C",1,3,11256,13252,15653,17179
"484","GSXP","C",2,4,11256,13252,17719,10782
"485","GSXP","C",2,5,11256,13252,6487,10782
"486","GSXP","C",2,6,11256,13252,41344,10782
"487","GSXP","C",3,7,11256,13252,48187,34511
"488","GSXP","C",3,8,11256,13252,33197,34511
"489","GSXP","C",3,9,11256,13252,34982,34511
"490","GSXP","C",4,10,11256,13252,47937,43245
"491","GSXP","C",4,11,11256,13252,15497,43245
"492","GSXP","C",4,12,11256,13252,22228,43245
"493","GSXP","C",5,13,11256,13252,19095,23246
"494","GSXP","C",5,14,11256,13252,4939,23246
"495","GSXP","C",5,15,11256,13252,36272,23246
"496","QYWP","P",1,1,18487,3762,42434,48822
"497","QYWP","P",1,2,18487,3762,35539,48822
"498","QYWP","P",1,3,18487,3762,45251,48822
"499","QYWP","P",2,4,18487,3762,9637,42306
"500","QYWP","P",2,5,18487,3762,41130,42306
"501","QYWP","P",2,6,18487,3762,35213,42306
"502","QYWP","P",3,7,18487,3762,43185,28623
"503","QYWP","P",3,8,18487,3762,22775,28623
"504","QYWP","P",3,9,18487,3762,30095,28623
"505","QYWP","P",4,10,18487,3762,15465,36556
"506","QYWP","P",4,11,18487,3762,9484,36556
"507","QYWP","P",4,12,18487,3762,23348,36556
"508","QYWP","P",5,13,18487,3762,32807,19094
"509","QYWP","P",5,14,18487,3762,32015,19094
"510","QYWP","P",5,15,18487,3762,15592,19094
"511","VCTQ","C",1,1,13644,13559,45574,31349
"512","VCTQ","C",1,2,13644,13559,32606,31349
"513","VCTQ","C",1,3,13644,13559,7508,31349
"514","VCTQ","C",2,4,13644,13559,28666,40537
"515","VCTQ","C",2,5,13644,13559,12921,40537
"516","VCTQ","C",2,6,13644,13559,25230,40537
"517","VCTQ","C",3,7,13644,13559,6458,46707
"518","VCTQ","C",3,8,13644,13559,29057,46707
"519","VCTQ","C",3,9,13644,13559,18487,46707
"520","VCTQ","C",4,10,13644,13559,30797,24453
"521","VCTQ","C",4,11,13644,13559,40844,24453
"522","VCTQ","C",4,12,13644,13559,28675,24453
"523","VCTQ","C",5,13,13644,13559,42689,37365
"524","VCTQ","C",5,14,13644,13559,7923,37365
"525","VCTQ","C",5,15,13644,13559,45383,37365
"526","DCMU","P",1,1,40412,29069,12756,23918
"527","DCMU","P",1,2,40412,29069,37696,23918
"528","DCMU","P",1,3,40412,29069,16959,23918
"529","DCMU","P",2,4,40412,29069,39149,47858
"530","DCMU","P",2,5,40412,29069,9257,47858
"531","DCMU","P",2,6,40412,29069,9997,47858
"532","DCMU","P",3,7,40412,29069,31963,12439
"533","DCMU","P",3,8,40412,29069,17947,12439
"534","DCMU","P",3,9,40412,29069,25997,12439
"535","DCMU","P",4,10,40412,29069,45472,9907
"536","DCMU","P",4,11,40412,29069,32546,9907
"537","DCMU","P",4,12,40412,29069,16276,9907
"538","DCMU","P",5,13,40412,29069,27725,17978
"539","DCMU","P",5,14,40412,29069,35513,17978
"540","DCMU","P",5,15,40412,29069,12099,17978
"541","TVEY","C",1,1,10238,41938,18192,41072
"542","TVEY","C",1,2,10238,41938,23037,41072
"543","TVEY","C",1,3,10238,41938,20805,41072
"544","TVEY","C",2,4,10238,41938,8179,12241
"545","TVEY","C",2,5,10238,41938,12844,12241
"546","TVEY","C",2,6,10238,41938,33843,12241
"547","TVEY","C",3,7,10238,41938,22633,12179
"548","TVEY","C",3,8,10238,41938,12378,12179
"549","TVEY","C",3,9,10238,41938,29881,12179
"550","TVEY","C",4,10,10238,41938,14520,13986
"551","TVEY","C",4,11,10238,41938,31622,13986
"552","TVEY","C",4,12,10238,41938,13655,13986
"553","TVEY","C",5,13,10238,41938,32081,37920
"554","TVEY","C",5,14,10238,41938,16682,37920
"555","TVEY","C",5,15,10238,41938,26848,37920
"556","HDSI","P",1,1,12330,6668,24412,46703
"557","HDSI","P",1,2,12330,6668,25389,46703
"558","HDSI","P",1,3,12330,6668,22801,46703
"559","HDSI","P",2,4,12330,6668,44561,16813
"560","HDSI","P",2,5,12330,6668,16709,16813
"561","HDSI","P",2,6,12330,6668,28024,16813
"562","HDSI","P",3,7,12330,6668,6843,28830
"563","HDSI","P",3,8,12330,6668,30322,28830
"564","HDSI","P",3,9,12330,6668,28797,28830
"565","HDSI","P",4,10,12330,6668,46573,27983
"566","HDSI","P",4,11,12330,6668,10916,27983
"567","HDSI","P",4,12,12330,6668,16359,27983
"568","HDSI","P",5,13,12330,6668,46728,19624
"569","HDSI","P",5,14,12330,6668,13219,19624
"570","HDSI","P",5,15,12330,6668,7217,19624
"571","UKRU","C",1,1,39550,32525,44215,33830
"572","UKRU","C",1,2,39550,32525,23941,33830
"573","UKRU","C",1,3,39550,32525,49741,33830
"574","UKRU","C",2,4,39550,32525,29208,36197
"575","UKRU","C",2,5,39550,32525,29588,36197
"576","UKRU","C",2,6,39550,32525,14332,36197
"577","UKRU","C",3,7,39550,32525,44595,46676
"578","UKRU","C",3,8,39550,32525,24238,46676
"579","UKRU","C",3,9,39550,32525,14704,46676
"580","UKRU","C",4,10,39550,32525,17410,10365
"581","UKRU","C",4,11,39550,32525,19076,10365
"582","UKRU","C",4,12,39550,32525,40127,10365
"583","UKRU","C",5,13,39550,32525,43701,29905
"584","UKRU","C",5,14,39550,32525,45270,29905
"585","UKRU","C",5,15,39550,32525,10786,29905
"586","EADR","P",1,1,16603,43890,44269,37007
"587","EADR","P",1,2,16603,43890,12102,37007
"588","EADR","P",1,3,16603,43890,17788,37007
"589","EADR","P",2,4,16603,43890,48648,46001
"590","EADR","P",2,5,16603,43890,13259,46001
"591","EADR","P",2,6,16603,43890,7247,46001
"592","EADR","P",3,7,16603,43890,8851,22144
"593","EADR","P",3,8,16603,43890,41271,22144
"594","EADR","P",3,9,16603,43890,26350,22144
"595","EADR","P",4,10,16603,43890,45244,40389
"596","EADR","P",4,11,16603,43890,24727,40389
"597","EADR","P",4,12,16603,43890,46041,40389
"598","EADR","P",5,13,16603,43890,18119,49080
"599","EADR","P",5,14,16603,43890,29431,49080
"600","EADR","P",5,15,16603,43890,7651,49080
"601","YOPF","C",1,1,13803,47133,32455,16718
"602","YOPF","C",1,2,13803,47133,43100,16718
"603","YOPF","C",1,3,13803,47133,34720,16718
"604","YOPF","C",2,4,13803,47133,45812,33389
"605","YOPF","C",2,5,13803,47133,34655,33389
"606","YOPF","C",2,6,13803,47133,47166,33389
"607","YOPF","C",3,7,13803,47133,27681,22055
"608","YOPF","C",3,8,13803,47133,37812,22055
"609","YOPF","C",3,9,13803,47133,18245,22055
"610","YOPF","C",4,10,13803,47133,6187,46145
"611","YOPF","C",4,11,13803,47133,32216,46145
"612","YOPF","C",4,12,13803,47133,39237,46145
"613","YOPF","C",5,13,13803,47133,41901,9537
"614","YOPF","C",5,14,13803,47133,22798,9537
"615","YOPF","C",5,15,13803,47133,32727,9537
"616","NELI","P",1,1,29821,19158,17448,43725
"617","NELI","P",1,2,29821,19158,28667,43725
"618","NELI","P",1,3,29821,19158,48383,43725
"619","NELI","P",2,4,29821,19158,27407,19391
"620","NELI","P",2,5,29821,19158,36060,19391
"621","NELI","P",2,6,29821,19158,8681,19391
"622","NELI","P",3,7,29821,19158,19362,46394
"623","NELI","P",3,8,29821,19158,41658,46394
"624","NELI","P",3,9,29821,19158,23361,46394
"625","NELI","P",4,10,29821,19158,32975,34508
"626","NELI","P",4,11,29821,19158,45284,34508
"627","NELI","P",4,12,29821,19158,35554,34508
"628","NELI","P",5,13,29821,19158,17843,17800
"629","NELI","P",5,14,29821,19158,32817,17800
"630","NELI","P",5,15,29821,19158,18106,17800
"631","DESK","C",1,1,11386,42708,29337,28641
"632","DESK","C",1,2,11386,42708,38781,28641
"633","DESK","C",1,3,11386,42708,38462,28641
"634","DESK","C",2,4,11386,42708,29554,29159
"635","DESK","C",2,5,11386,42708,41619,29159
"636","DESK","C",2,6,11386,42708,39284,29159
"637","DESK","C",3,7,11386,42708,5139,17300
"638","DESK","C",3,8,11386,42708,28997,17300
"639","DESK","C",3,9,11386,42708,37734,17300
"640","DESK","C",4,10,11386,42708,45153,34058
"641","DESK","C",4,11,11386,42708,44372,34058
"642","DESK","C",4,12,11386,42708,20587,34058
"643","DESK","C",5,13,11386,42708,19925,19706
"644","DESK","C",5,14,11386,42708,41944,19706
"645","DESK","C",5,15,11386,42708,41088,19706
"646","KMLD","P",1,1,19273,11355,23386,40906
"647","KMLD","P",1,2,19273,11355,47300,40906
"648","KMLD","P",1,3,19273,11355,10479,40906
"649","KMLD","P",2,4,19273,11355,46545,32474
"650","KMLD","P",2,5,19273,11355,8371,32474
"651","KMLD","P",2,6,19273,11355,7977,32474
"652","KMLD","P",3,7,19273,11355,5245,35554
"653","KMLD","P",3,8,19273,11355,4856,35554
"654","KMLD","P",3,9,19273,11355,37292,35554
"655","KMLD","P",4,10,19273,11355,29725,30920
"656","KMLD","P",4,11,19273,11355,44705,30920
"657","KMLD","P",4,12,19273,11355,36288,30920
"658","KMLD","P",5,13,19273,11355,31640,22021
"659","KMLD","P",5,14,19273,11355,35447,22021
"660","KMLD","P",5,15,19273,11355,15048,22021
"661","VPUT","C",1,1,9236,17282,41159,10065
"662","VPUT","C",1,2,9236,17282,30722,10065
"663","VPUT","C",1,3,9236,17282,8346,10065
"664","VPUT","C",2,4,9236,17282,47675,30361
"665","VPUT","C",2,5,9236,17282,18613,30361
"666","VPUT","C",2,6,9236,17282,49940,30361
"667","VPUT","C",3,7,9236,17282,40146,16731
"668","VPUT","C",3,8,9236,17282,40011,16731
"669","VPUT","C",3,9,9236,17282,14038,16731
"670","VPUT","C",4,10,9236,17282,7634,16599
"671","VPUT","C",4,11,9236,17282,43645,16599
"672","VPUT","C",4,12,9236,17282,23566,16599
"673","VPUT","C",5,13,9236,17282,34110,28590
"674","VPUT","C",5,14,9236,17282,44935,28590
"675","VPUT","C",5,15,9236,17282,49285,28590
"676","XWIG","P",1,1,26795,17915,6309,35161
"677","XWIG","P",1,2,26795,17915,31827,35161
"678","XWIG","P",1,3,26795,17915,11924,35161
"679","XWIG","P",2,4,26795,17915,27994,42251
"680","XWIG","P",2,5,26795,17915,13898,42251
"681","XWIG","P",2,6,26795,17915,37353,42251
"682","XWIG","P",3,7,26795,17915,30191,35963
"683","XWIG","P",3,8,26795,17915,7828,35963
"684","XWIG","P",3,9,26795,17915,15024,35963
"685","XWIG","P",4,10,26795,17915,42861,10315
"686","XWIG","P",4,11,26795,17915,36022,10315
"687","XWIG","P",4,12,26795,17915,39207,10315
"688","XWIG","P",5,13,26795,17915,25282,16904
"689","XWIG","P",5,14,26795,17915,48865,16904
"690","XWIG","P",5,15,26795,17915,32550,16904
"691","TTXU","C",1,1,46082,35089,48245,28572
"692","TTXU","C",1,2,46082,35089,31653,28572
"693","TTXU","C",1,3,46082,35089,30198,28572
"694","TTXU","C",2,4,46082,35089,15703,28991
"695","TTXU","C",2,5,46082,35089,34856,28991
"696","TTXU","C",2,6,46082,35089,46943,28991
"697","TTXU","C",3,7,46082,35089,17132,13454
"698","TTXU","C",3,8,46082,35089,13877,13454
"699","TTXU","C",3,9,46082,35089,46784,13454
"700","TTXU","C",4,10,46082,35089,30078,48682
"701","TTXU","C",4,11,46082,35089,28768,48682
"702","TTXU","C",4,12,46082,35089,33924,48682
"703","TTXU","C",5,13,46082,35089,11084,41348
"704","TTXU","C",5,14,46082,35089,19079,41348
"705","TTXU","C",5,15,46082,35089,44179,41348
"706","DHFU","P",1,1,24825,49682,33671,49272
"707","DHFU","P",1,2,24825,49682,43323,49272
"708","DHFU","P",1,3,24825,49682,12520,49272
"709","DHFU","P",2,4,24825,49682,41730,22749
"710","DHFU","P",2,5,24825,49682,43730,22749
"711","DHFU","P",2,6,24825,49682,42403,22749
"712","DHFU","P",3,7,24825,49682,11356,22097
"713","DHFU","P",3,8,24825,49682,39670,22097
"714","DHFU","P",3,9,24825,49682,17922,22097
"715","DHFU","P",4,10,24825,49682,43207,23543
"716","DHFU","P",4,11,24825,49682,13773,23543
"717","DHFU","P",4,12,24825,49682,31602,23543
"718","DHFU","P",5,13,24825,49682,22447,11320
"719","DHFU","P",5,14,24825,49682,48015,11320
"720","DHFU","P",5,15,24825,49682,46333,11320
"721","DDBB","C",1,1,22734,46945,34542,17650
"722","DDBB","C",1,2,22734,46945,8223,17650
"723","DDBB","C",1,3,22734,46945,44861,17650
"724","DDBB","C",2,4,22734,46945,31474,33401
"725","DDBB","C",2,5,22734,46945,17004,33401
"726","DDBB","C",2,6,22734,46945,25582,33401
"727","DDBB","C",3,7,22734,46945,7640,11934
"728","DDBB","C",3,8,22734,46945,46711,11934
"729","DDBB","C",3,9,22734,46945,35582,11934
"730","DDBB","C",4,10,22734,46945,47816,35851
"731","DDBB","C",4,11,22734,46945,15347,35851
"732","DDBB","C",4,12,22734,46945,17836,35851
"733","DDBB","C",5,13,22734,46945,5020,13539
"734","DDBB","C",5,14,22734,46945,10276,13539
"735","DDBB","C",5,15,22734,46945,34172,13539
"736","NCTT","P",1,1,23728,21368,29437,27517
"737","NCTT","P",1,2,23728,21368,39956,27517
"738","NCTT","P",1,3,23728,21368,48962,27517
"739","NCTT","P",2,4,23728,21368,43481,22690
"740","NCTT","P",2,5,23728,21368,40462,22690
"741","NCTT","P",2,6,23728,21368,12674,22690
"742","NCTT","P",3,7,23728,21368,26222,30493
"743","NCTT","P",3,8,23728,21368,22200,30493
"744","NCTT","P",3,9,23728,21368,42802,30493
"745","NCTT","P",4,10,23728,21368,48238,37988
"746","NCTT","P",4,11,23728,21368,18480,37988
"747","NCTT","P",4,12,23728,21368,37258,37988
"748","NCTT","P",5,13,23728,21368,34010,16207
"749","NCTT","P",5,14,23728,21368,21506,16207
"750","NCTT","P",5,15,23728,21368,12061,16207
"751","XNWL","C",1,1,14287,29439,46855,35355
"752","XNWL","C",1,2,14287,29439,27643,35355
"753","XNWL","C",1,3,14287,29439,32446,35355
"754","XNWL","C",2,4,14287,29439,44378,36379
"755","XNWL","C",2,5,14287,29439,14683,36379
"756","XNWL","C",2,6,14287,29439,39017,36379
"757","XNWL","C",3,7,14287,29439,13184,48421
"758","XNWL","C",3,8,14287,29439,32680,48421
"759","XNWL","C",3,9,14287,29439,30631,48421
"760","XNWL","C",4,10,14287,29439,27450,46790
"761","XNWL","C",4,11,14287,29439,41299,46790
"762","XNWL","C",4,12,14287,29439,25319,46790
"763","XNWL","C",5,13,14287,29439,38093,33997
"764","XNWL","C",5,14,14287,29439,48112,33997
"765","XNWL","C",5,15,14287,29439,38288,33997
"766","ELZM","P",1,1,28049,30553,25362,27585
"767","ELZM","P",1,2,28049,30553,12403,27585
"768","ELZM","P",1,3,28049,30553,35916,27585
"769","ELZM","P",2,4,28049,30553,36622,22068
"770","ELZM","P",2,5,28049,30553,34098,22068
"771","ELZM","P",2,6,28049,30553,40446,22068
"772","ELZM","P",3,7,28049,30553,4913,16848
"773","ELZM","P",3,8,28049,30553,7105,16848
"774","ELZM","P",3,9,28049,30553,47035,16848
"775","ELZM","P",4,10,28049,30553,48806,38131
"776","ELZM","P",4,11,28049,30553,44897,38131
"777","ELZM","P",4,12,28049,30553,38324,38131
"778","ELZM","P",5,13,28049,30553,40157,17146
"779","ELZM","P",5,14,28049,30553,34712,17146
"780","ELZM","P",5,15,28049,30553,18709,17146
"781","GGOQ","C",1,1,18560,19932,22362,24416
"782","GGOQ","C",1,2,18560,19932,32472,24416
"783","GGOQ","C",1,3,18560,19932,19230,24416
"784","GGOQ","C",2,4,18560,19932,24193,14957
"785","GGOQ","C",2,5,18560,19932,11760,14957
"786","GGOQ","C",2,6,18560,19932,34590,14957
"787","GGOQ","C",3,7,18560,19932,21122,46361
"788","GGOQ","C",3,8,18560,19932,28026,46361
"789","GGOQ","C",3,9,18560,19932,32036,46361
"790","GGOQ","C",4,10,18560,19932,27821,12067
"791","GGOQ","C",4,11,18560,19932,15965,12067
"792","GGOQ","C",4,12,18560,19932,24645,12067
"793","GGOQ","C",5,13,18560,19932,18999,30926
"794","GGOQ","C",5,14,18560,19932,8787,30926
"795","GGOQ","C",5,15,18560,19932,8698,30926
"796","IBLV","P",1,1,27791,46270,29556,40896
"797","IBLV","P",1,2,27791,46270,13821,40896
"798","IBLV","P",1,3,27791,46270,16679,40896
"799","IBLV","P",2,4,27791,46270,41699,49624
"800","IBLV","P",2,5,27791,46270,18373,49624
"801","IBLV","P",2,6,27791,46270,6291,49624
"802","IBLV","P",3,7,27791,46270,47312,40011
"803","IBLV","P",3,8,27791,46270,27381,40011
"804","IBLV","P",3,9,27791,46270,26402,40011
"805","IBLV","P",4,10,27791,46270,18352,9970
"806","IBLV","P",4,11,27791,46270,29853,9970
"807","IBLV","P",4,12,27791,46270,27832,9970
"808","IBLV","P",5,13,27791,46270,16045,23063
"809","IBLV","P",5,14,27791,46270,42813,23063
"810","IBLV","P",5,15,27791,46270,27419,23063
"811","OJOX","C",1,1,10653,10162,21627,13613
"812","OJOX","C",1,2,10653,10162,10468,13613
"813","OJOX","C",1,3,10653,10162,22835,13613
"814","OJOX","C",2,4,10653,10162,33484,33580
"815","OJOX","C",2,5,10653,10162,20529,33580
"816","OJOX","C",2,6,10653,10162,28241,33580
"817","OJOX","C",3,7,10653,10162,17576,40778
"818","OJOX","C",3,8,10653,10162,18790,40778
"819","OJOX","C",3,9,10653,10162,37504,40778
"820","OJOX","C",4,10,10653,10162,30991,46036
"821","OJOX","C",4,11,10653,10162,26581,46036
"822","OJOX","C",4,12,10653,10162,32748,46036
"823","OJOX","C",5,13,10653,10162,21258,39160
"824","OJOX","C",5,14,10653,10162,34304,39160
"825","OJOX","C",5,15,10653,10162,24357,39160
"826","MEOY","P",1,1,42983,4998,36066,22117
"827","MEOY","P",1,2,42983,4998,27386,22117
"828","MEOY","P",1,3,42983,4998,18065,22117
"829","MEOY","P",2,4,42983,4998,45978,29594
"830","MEOY","P",2,5,42983,4998,33265,29594
"831","MEOY","P",2,6,42983,4998,8433,29594
"832","MEOY","P",3,7,42983,4998,37314,36760
"833","MEOY","P",3,8,42983,4998,29797,36760
"834","MEOY","P",3,9,42983,4998,40706,36760
"835","MEOY","P",4,10,42983,4998,14647,10193
"836","MEOY","P",4,11,42983,4998,9696,10193
"837","MEOY","P",4,12,42983,4998,29110,10193
"838","MEOY","P",5,13,42983,4998,5228,24328
"839","MEOY","P",5,14,42983,4998,31196,24328
"840","MEOY","P",5,15,42983,4998,22788,24328
"841","IVHE","C",1,1,47024,42207,42031,17436
"842","IVHE","C",1,2,47024,42207,20306,17436
"843","IVHE","C",1,3,47024,42207,22251,17436
"844","IVHE","C",2,4,47024,42207,39429,18063
"845","IVHE","C",2,5,47024,42207,14699,18063
"846","IVHE","C",2,6,47024,42207,10334,18063
"847","IVHE","C",3,7,47024,42207,43675,44139
"848","IVHE","C",3,8,47024,42207,39787,44139
"849","IVHE","C",3,9,47024,42207,8281,44139
"850","IVHE","C",4,10,47024,42207,8842,27467
"851","IVHE","C",4,11,47024,42207,49438,27467
"852","IVHE","C",4,12,47024,42207,7444,27467
"853","IVHE","C",5,13,47024,42207,8017,43604
"854","IVHE","C",5,14,47024,42207,44591,43604
"855","IVHE","C",5,15,47024,42207,42264,43604
"856","BGJE","P",1,1,21613,32891,11067,29347
"857","BGJE","P",1,2,21613,32891,47650,29347
"858","BGJE","P",1,3,21613,32891,5946,29347
"859","BGJE","P",2,4,21613,32891,6221,21426
"860","BGJE","P",2,5,21613,32891,21682,21426
"861","BGJE","P",2,6,21613,32891,6980,21426
"862","BGJE","P",3,7,21613,32891,43692,25445
"863","BGJE","P",3,8,21613,32891,45989,25445
"864","BGJE","P",3,9,21613,32891,42840,25445
"865","BGJE","P",4,10,21613,32891,16058,23153
"866","BGJE","P",4,11,21613,32891,7671,23153
"867","BGJE","P",4,12,21613,32891,32842,23153
"868","BGJE","P",5,13,21613,32891,5475,29027
"869","BGJE","P",5,14,21613,32891,49999,29027
"870","BGJE","P",5,15,21613,32891,33473,29027
"871","HAZU","C",1,1,21827,44937,24642,11872
"872","HAZU","C",1,2,21827,44937,9301,11872
"873","HAZU","C",1,3,21827,44937,29885,11872
"874","HAZU","C",2,4,21827,44937,14245,29737
"875","HAZU","C",2,5,21827,44937,7893,29737
"876","HAZU","C",2,6,21827,44937,45881,29737
"877","HAZU","C",3,7,21827,44937,36120,28031
"878","HAZU","C",3,8,21827,44937,24189,28031
"879","HAZU","C",3,9,21827,44937,7061,28031
"880","HAZU","C",4,10,21827,44937,44934,41310
"881","HAZU","C",4,11,21827,44937,40109,41310
"882","HAZU","C",4,12,21827,44937,46783,41310
"883","HAZU","C",5,13,21827,44937,6837,36094
"884","HAZU","C",5,14,21827,44937,29766,36094
"885","HAZU","C",5,15,21827,44937,9910,36094
"886","CWOK","P",1,1,15909,24907,22256,48336
"887","CWOK","P",1,2,15909,24907,13597,48336
"888","CWOK","P",1,3,15909,24907,29119,48336
"889","CWOK","P",2,4,15909,24907,39723,38871
"890","CWOK","P",2,5,15909,24907,45048,38871
"891","CWOK","P",2,6,15909,24907,46483,38871
"892","CWOK","P",3,7,15909,24907,8301,24412
"893","CWOK","P",3,8,15909,24907,43735,24412
"894","CWOK","P",3,9,15909,24907,11859,24412
"895","CWOK","P",4,10,15909,24907,7689,49080
"896","CWOK","P",4,11,15909,24907,25741,49080
"897","CWOK","P",4,12,15909,24907,21334,49080
"898","CWOK","P",5,13,15909,24907,19034,28473
"899","CWOK","P",5,14,15909,24907,16741,28473
"900","CWOK","P",5,15,15909,24907,24686,28473
"901","BOBF","C",1,1,20556,23846,8335,46815
"902","BOBF","C",1,2,20556,23846,25613,46815
"903","BOBF","C",1,3,20556,23846,27153,46815
"904","BOBF","C",2,4,20556,23846,41345,38998
"905","BOBF","C",2,5,20556,23846,40340,38998
"906","BOBF","C",2,6,20556,23846,37309,38998
"907","BOBF","C",3,7,20556,23846,33765,41997
"908","BOBF","C",3,8,20556,23846,31822,41997
"909","BOBF","C",3,9,20556,23846,47305,41997
"910","BOBF","C",4,10,20556,23846,20209,42699
"911","BOBF","C",4,11,20556,23846,27038,42699
"912","BOBF","C",4,12,20556,23846,12316,42699
"913","BOBF","C",5,13,20556,23846,20237,13881
"914","BOBF","C",5,14,20556,23846,5973,13881
"915","BOBF","C",5,15,20556,23846,30568,13881
"916","OMED","P",1,1,46718,18771,34967,35604
"917","OMED","P",1,2,46718,18771,19478,35604
"918","OMED","P",1,3,46718,18771,40354,35604
"919","OMED","P",2,4,46718,18771,30791,30457
"920","OMED","P",2,5,46718,18771,12013,30457
"921","OMED","P",2,6,46718,18771,23142,30457
"922","OMED","P",3,7,46718,18771,14985,41838
"923","OMED","P",3,8,46718,18771,29634,41838
"924","OMED","P",3,9,46718,18771,7433,41838
"925","OMED","P",4,10,46718,18771,14257,41111
"926","OMED","P",4,11,46718,18771,36513,41111
"927","OMED","P",4,12,46718,18771,31493,41111
"928","OMED","P",5,13,46718,18771,18050,30646
"929","OMED","P",5,14,46718,18771,45797,30646
"930","OMED","P",5,15,46718,18771,10925,30646
"931","MYIE","C",1,1,40791,34548,5733,17393
"932","MYIE","C",1,2,40791,34548,10942,17393
"933","MYIE","C",1,3,40791,34548,13850,17393
"934","MYIE","C",2,4,40791,34548,14965,23487
"935","MYIE","C",2,5,40791,34548,27756,23487
"936","MYIE","C",2,6,40791,34548,32481,23487
"937","MYIE","C",3,7,40791,34548,12161,15725
"938","MYIE","C",3,8,40791,34548,15122,15725
"939","MYIE","C",3,9,40791,34548,41997,15725
"940","MYIE","C",4,10,40791,34548,35706,9603
"941","MYIE","C",4,11,40791,34548,24330,9603
"942","MYIE","C",4,12,40791,34548,41174,9603
"943","MYIE","C",5,13,40791,34548,35500,11984
"944","MYIE","C",5,14,40791,34548,12707,11984
"945","MYIE","C",5,15,40791,34548,28700,11984
"946","HNAU","P",1,1,46803,37803,10613,40316
"947","HNAU","P",1,2,46803,37803,6114,40316
"948","HNAU","P",1,3,46803,37803,23902,40316
"949","HNAU","P",2,4,46803,37803,7488,29376
"950","HNAU","P",2,5,46803,37803,31691,29376
"951","HNAU","P",2,6,46803,37803,32448,29376
"952","HNAU","P",3,7,46803,37803,14917,36937
"953","HNAU","P",3,8,46803,37803,24888,36937
"954","HNAU","P",3,9,46803,37803,24740,36937
"955","HNAU","P",4,10,46803,37803,41830,15898
"956","HNAU","P",4,11,46803,37803,16239,15898
"957","HNAU","P",4,12,46803,37803,42053,15898
"958","HNAU","P",5,13,46803,37803,29279,17788
"959","HNAU","P",5,14,46803,37803,6474,17788
"960","HNAU","P",5,15,46803,37803,32296,17788
"961","COOQ","C",1,1,43303,37950,24814,17094
"962","COOQ","C",1,2,43303,37950,14606,17094
"963","COOQ","C",1,3,43303,37950,36910,17094
"964","COOQ","C",2,4,43303,37950,15343,32974
"965","COOQ","C",2,5,43303,37950,39283,32974
"966","COOQ","C",2,6,43303,37950,30670,32974
"967","COOQ","C",3,7,43303,37950,39797,21796
"968","COOQ","C",3,8,43303,37950,43355,21796
"969","COOQ","C",3,9,43303,37950,36595,21796
"970","COOQ","C",4,10,43303,37950,20454,32373
"971","COOQ","C",4,11,43303,37950,48874,32373
"972","COOQ","C",4,12,43303,37950,17914,32373
"973","COOQ","C",5,13,43303,37950,8196,29045
"974","COOQ","C",5,14,43303,37950,45778,29045
"975","COOQ","C",5,15,43303,37950,8718,29045
"976","SDIY","P",1,1,38421,12459,13957,13137
"977","SDIY","P",1,2,38421,12459,11552,13137
"978","SDIY","P",1,3,38421,12459,15996,13137
"979","SDIY","P",2,4,38421,12459,42751,34747
"980","SDIY","P",2,5,38421,12459,26865,34747
"981","SDIY","P",2,6,38421,12459,48553,34747
"982","SDIY","P",3,7,38421,12459,37799,24618
"983","SDIY","P",3,8,38421,12459,27859,24618
"984","SDIY","P",3,9,38421,12459,29102,24618
"985","SDIY","P",4,10,38421,12459,12464,17467
"986","SDIY","P",4,11,38421,12459,21865,17467
"987","SDIY","P",4,12,38421,12459,10811,17467
"988","SDIY","P",5,13,38421,12459,23848,34476
"989","SDIY","P",5,14,38421,12459,41338,34476
"990","SDIY","P",5,15,38421,12459,19015,34476
"991","NDWF","C",1,1,40502,10902,32993,26983
"992","NDWF","C",1,2,40502,10902,36160,26983
"993","NDWF","C",1,3,40502,10902,32995,26983
"994","NDWF","C",2,4,40502,10902,6902,9591
"995","NDWF","C",2,5,40502,10902,5418,9591
"996","NDWF","C",2,6,40502,10902,43603,9591
"997","NDWF","C",3,7,40502,10902,5561,43580
"998","NDWF","C",3,8,40502,10902,35792,43580
"999","NDWF","C",3,9,40502,10902,32211,43580
"1000","NDWF","C",4,10,40502,10902,29742,22641
"1001","NDWF","C",4,11,40502,10902,49057,22641
"1002","NDWF","C",4,12,40502,10902,38034,22641
"1003","NDWF","C",5,13,40502,10902,26761,38808
"1004","NDWF","C",5,14,40502,10902,40475,38808
"1005","NDWF","C",5,15,40502,10902,37900,38808
"1006","YXDU","P",1,1,47789,48609,10746,36754
"1007","YXDU","P",1,2,47789,48609,31289,36754
"1008","YXDU","P",1,3,47789,48609,25294,36754
"1009","YXDU","P",2,4,47789,48609,7945,49768
"1010","YXDU","P",2,5,47789,48609,5066,49768
"1011","YXDU","P",2,6,47789,48609,45077,49768
"1012","YXDU","P",3,7,47789,48609,41312,19510
"1013","YXDU","P",3,8,47789,48609,45476,19510
"1014","YXDU","P",3,9,47789,48609,23799,19510
"1015","YXDU","P",4,10,47789,48609,48042,17755
"1016","YXDU","P",4,11,47789,48609,25809,17755
"1017","YXDU","P",4,12,47789,48609,8285,17755
"1018","YXDU","P",5,13,47789,48609,35676,31795
"1019","YXDU","P",5,14,47789,48609,13916,31795
"1020","YXDU","P",5,15,47789,48609,47601,31795
"1021","LDXI","C",1,1,17000,47401,49552,31471
"1022","LDXI","C",1,2,17000,47401,16818,31471
"1023","LDXI","C",1,3,17000,47401,6224,31471
"1024","LDXI","C",2,4,17000,47401,17518,11120
"1025","LDXI","C",2,5,17000,47401,19773,11120
"1026","LDXI","C",2,6,17000,47401,45076,11120
"1027","LDXI","C",3,7,17000,47401,39156,28722
"1028","LDXI","C",3,8,17000,47401,25400,28722
"1029","LDXI","C",3,9,17000,47401,32545,28722
"1030","LDXI","C",4,10,17000,47401,6364,26313
"1031","LDXI","C",4,11,17000,47401,32603,26313
"1032","LDXI","C",4,12,17000,47401,45313,26313
"1033","LDXI","C",5,13,17000,47401,13958,48956
"1034","LDXI","C",5,14,17000,47401,22186,48956
"1035","LDXI","C",5,15,17000,47401,40889,48956
"1036","IKMJ","P",1,1,25801,47682,37682,42973
"1037","IKMJ","P",1,2,25801,47682,8063,42973
"1038","IKMJ","P",1,3,25801,47682,34736,42973
"1039","IKMJ","P",2,4,25801,47682,17969,21519
"1040","IKMJ","P",2,5,25801,47682,16962,21519
"1041","IKMJ","P",2,6,25801,47682,23357,21519
"1042","IKMJ","P",3,7,25801,47682,47207,46268
"1043","IKMJ","P",3,8,25801,47682,13167,46268
"1044","IKMJ","P",3,9,25801,47682,16028,46268
"1045","IKMJ","P",4,10,25801,47682,41470,18972
"1046","IKMJ","P",4,11,25801,47682,35687,18972
"1047","IKMJ","P",4,12,25801,47682,26812,18972
"1048","IKMJ","P",5,13,25801,47682,15713,15671
"1049","IKMJ","P",5,14,25801,47682,39716,15671
"1050","IKMJ","P",5,15,25801,47682,28622,15671
"1051","MBEZ","C",1,1,11400,6966,29902,42603
"1052","MBEZ","C",1,2,11400,6966,30021,42603
"1053","MBEZ","C",1,3,11400,6966,20262,42603
"1054","MBEZ","C",2,4,11400,6966,20982,27197
"1055","MBEZ","C",2,5,11400,6966,40431,27197
"1056","MBEZ","C",2,6,11400,6966,16213,27197
"1057","MBEZ","C",3,7,11400,6966,49024,45331
"1058","MBEZ","C",3,8,11400,6966,39376,45331
"1059","MBEZ","C",3,9,11400,6966,39757,45331
"1060","MBEZ","C",4,10,11400,6966,36524,23180
"1061","MBEZ","C",4,11,11400,6966,41591,23180
"1062","MBEZ","C",4,12,11400,6966,36228,23180
"1063","MBEZ","C",5,13,11400,6966,26942,43292
"1064","MBEZ","C",5,14,11400,6966,15046,43292
"1065","MBEZ","C",5,15,11400,6966,45126,43292
"1066","IEMA","P",1,1,21357,49748,18600,49674
"1067","IEMA","P",1,2,21357,49748,29971,49674
"1068","IEMA","P",1,3,21357,49748,12824,49674
"1069","IEMA","P",2,4,21357,49748,33822,16227
"1070","IEMA","P",2,5,21357,49748,31340,16227
"1071","IEMA","P",2,6,21357,49748,31869,16227
"1072","IEMA","P",3,7,21357,49748,40369,25593
"1073","IEMA","P",3,8,21357,49748,18717,25593
"1074","IEMA","P",3,9,21357,49748,48738,25593
"1075","IEMA","P",4,10,21357,49748,38319,24326
"1076","IEMA","P",4,11,21357,49748,42968,24326
"1077","IEMA","P",4,12,21357,49748,7813,24326
"1078","IEMA","P",5,13,21357,49748,10267,32018
"1079","IEMA","P",5,14,21357,49748,22594,32018
"1080","IEMA","P",5,15,21357,49748,7894,32018
"1081","IAWT","C",1,1,17968,34515,9796,49698
"1082","IAWT","C",1,2,17968,34515,44745,49698
"1083","IAWT","C",1,3,17968,34515,8349,49698
"1084","IAWT","C",2,4,17968,34515,49976,32246
"1085","IAWT","C",2,5,17968,34515,33199,32246
"1086","IAWT","C",2,6,17968,34515,31408,32246
"1087","IAWT","C",3,7,17968,34515,8267,10767
"1088","IAWT","C",3,8,17968,34515,15986,10767
"1089","IAWT","C",3,9,17968,34515,26036,10767
"1090","IAWT","C",4,10,17968,34515,13189,21578
"1091","IAWT","C",4,11,17968,34515,22223,21578
"1092","IAWT","C",4,12,17968,34515,18800,21578
"1093","IAWT","C",5,13,17968,34515,7705,48622
"1094","IAWT","C",5,14,17968,34515,9628,48622
"1095","IAWT","C",5,15,17968,34515,6617,48622
"1096","IKIC","P",1,1,32042,10538,28683,18763
"1097","IKIC","P",1,2,32042,10538,35586,18763
"1098","IKIC","P",1,3,32042,10538,10172,18763
"1099","IKIC","P",2,4,32042,10538,34516,41575
"1100","IKIC","P",2,5,32042,10538,9519,41575
"1101","IKIC","P",2,6,32042,10538,20660,41575
"1102","IKIC","P",3,7,32042,10538,15017,47120
"1103","IKIC","P",3,8,32042,10538,16611,47120
"1104","IKIC","P",3,9,32042,10538,17407,47120
"1105","IKIC","P",4,10,32042,10538,7981,20350
"1106","IKIC","P",4,11,32042,10538,43134,20350
"1107","IKIC","P",4,12,32042,10538,12557,20350
"1108","IKIC","P",5,13,32042,10538,48121,24276
"1109","IKIC","P",5,14,32042,10538,7662,24276
"1110","IKIC","P",5,15,32042,10538,6325,24276
"1111","TPDA","C",1,1,26609,36710,46259,25171
"1112","TPDA","C",1,2,26609,36710,19465,25171
"1113","TPDA","C",1,3,26609,36710,6075,25171
"1114","TPDA","C",2,4,26609,36710,22834,40562
"1115","TPDA","C",2,5,26609,36710,7930,40562
"1116","TPDA","C",2,6,26609,36710,31701,40562
"1117","TPDA","C",3,7,26609,36710,36762,15988
"1118","TPDA","C",3,8,26609,36710,10391,15988
"1119","TPDA","C",3,9,26609,36710,6927,15988
"1120","TPDA","C",4,10,26609,36710,37697,24582
"1121","TPDA","C",4,11,26609,36710,43742,24582
"1122","TPDA","C",4,12,26609,36710,28503,24582
"1123","TPDA","C",5,13,26609,36710,31006,23943
"1124","TPDA","C",5,14,26609,36710,48702,23943
"1125","TPDA","C",5,15,26609,36710,46714,23943
"1126","MLBI","P",1,1,45178,16687,12471,18713
"1127","MLBI","P",1,2,45178,16687,25980,18713
"1128","MLBI","P",1,3,45178,16687,29810,18713
"1129","MLBI","P",2,4,45178,16687,32721,35965
"1130","MLBI","P",2,5,45178,16687,22934,35965
"1131","MLBI","P",2,6,45178,16687,36712,35965
"1132","MLBI","P",3,7,45178,16687,21294,15398
"1133","MLBI","P",3,8,45178,16687,31683,15398
"1134","MLBI","P",3,9,45178,16687,15241,15398
"1135","MLBI","P",4,10,45178,16687,31557,39591
"1136","MLBI","P",4,11,45178,16687,47446,39591
"1137","MLBI","P",4,12,45178,16687,33349,39591
"1138","MLBI","P",5,13,45178,16687,17905,13304
"1139","MLBI","P",5,14,45178,16687,18505,13304
"1140","MLBI","P",5,15,45178,16687,14763,13304
"1141","WYKE","C",1,1,23784,34610,22412,10484
"1142","WYKE","C",1,2,23784,34610,48183,10484
"1143","WYKE","C",1,3,23784,34610,47903,10484
"1144","WYKE","C",2,4,23784,34610,19171,17071
"1145","WYKE","C",2,5,23784,34610,33754,17071
"1146","WYKE","C",2,6,23784,34610,13505,17071
"1147","WYKE","C",3,7,23784,34610,38556,24092
"1148","WYKE","C",3,8,23784,34610,37372,24092
"1149","WYKE","C",3,9,23784,34610,20527,24092
"1150","WYKE","C",4,10,23784,34610,32857,21021
"1151","WYKE","C",4,11,23784,34610,42746,21021
"1152","WYKE","C",4,12,23784,34610,38326,21021
"1153","WYKE","C",5,13,23784,34610,38719,24593
"1154","WYKE","C",5,14,23784,34610,8856,24593
"1155","WYKE","C",5,15,23784,34610,23775,24593
"1156","IHCZ","P",1,1,23737,27128,18232,38349
"1157","IHCZ","P",1,2,23737,27128,32511,38349
"1158","IHCZ","P",1,3,23737,27128,24435,38349
"1159","IHCZ","P",2,4,23737,27128,16241,19073
"1160","IHCZ","P",2,5,23737,27128,28348,19073
"1161","IHCZ","P",2,6,23737,27128,41821,19073
"1162","IHCZ","P",3,7,23737,27128,38727,31513
"1163","IHCZ","P",3,8,23737,27128,18985,31513
"1164","IHCZ","P",3,9,23737,27128,47042,31513
"1165","IHCZ","P",4,10,23737,27128,38132,41527
"1166","IHCZ","P",4,11,23737,27128,12583,41527
"1167","IHCZ","P",4,12,23737,27128,47256,41527
"1168","IHCZ","P",5,13,23737,27128,42204,25213
"1169","IHCZ","P",5,14,23737,27128,48871,25213
"1170","IHCZ","P",5,15,23737,27128,42936,25213
"1171","MCFY","C",1,1,42659,28765,13514,44572
"1172","MCFY","C",1,2,42659,28765,15081,44572
"1173","MCFY","C",1,3,42659,28765,16435,44572
"1174","MCFY","C",2,4,42659,28765,38937,24465
"1175","MCFY","C",2,5,42659,28765,36104,24465
"1176","MCFY","C",2,6,42659,28765,13632,24465
"1177","MCFY","C",3,7,42659,28765,16861,38992
"1178","MCFY","C",3,8,42659,28765,6035,38992
"1179","MCFY","C",3,9,42659,28765,16156,38992
"1180","MCFY","C",4,10,42659,28765,47827,49760
"1181","MCFY","C",4,11,42659,28765,49001,49760
"1182","MCFY","C",4,12,42659,28765,11281,49760
"1183","MCFY","C",5,13,42659,28765,48838,17044
"1184","MCFY","C",5,14,42659,28765,15641,17044
"1185","MCFY","C",5,15,42659,28765,39182,17044
"1186","HQXZ","P",1,1,37840,29336,39808,45604
"1187","HQXZ","P",1,2,37840,29336,46252,45604
"1188","HQXZ","P",1,3,37840,29336,39229,45604
"1189","HQXZ","P",2,4,37840,29336,16451,30685
"1190","HQXZ","P",2,5,37840,29336,16594,30685
"1191","HQXZ","P",2,6,37840,29336,27949,30685
"1192","HQXZ","P",3,7,37840,29336,20507,20597
"1193","HQXZ","P",3,8,37840,29336,41954,20597
"1194","HQXZ","P",3,9,37840,29336,24841,20597
"1195","HQXZ","P",4,10,37840,29336,45286,38514
"1196","HQXZ","P",4,11,37840,29336,41364,38514
"1197","HQXZ","P",4,12,37840,29336,13087,38514
"1198","HQXZ","P",5,13,37840,29336,34097,42403
"1199","HQXZ","P",5,14,37840,29336,8733,42403
"1200","HQXZ","P",5,15,37840,29336,36222,42403
"1201","LKDH","C",1,1,39445,28507,49671,36305
"1202","LKDH","C",1,2,39445,28507,34618,36305
"1203","LKDH","C",1,3,39445,28507,49586,36305
"1204","LKDH","C",2,4,39445,28507,42922,33095
"1205","LKDH","C",2,5,39445,28507,46916,33095
"1206","LKDH","C",2,6,39445,28507,23578,33095
"1207","LKDH","C",3,7,39445,28507,42044,13718
"1208","LKDH","C",3,8,39445,28507,40260,13718
"1209","LKDH","C",3,9,39445,28507,8371,13718
"1210","LKDH","C",4,10,39445,28507,30112,26501
"1211","LKDH","C",4,11,39445,28507,45766,26501
"1212","LKDH","C",4,12,39445,28507,49929,26501
"1213","LKDH","C",5,13,39445,28507,21705,25375
"1214","LKDH","C",5,14,39445,28507,26787,25375
"1215","LKDH","C",5,15,39445,28507,29797,25375
"1216","OYJV","P",1,1,23537,28721,25634,38847
"1217","OYJV","P",1,2,23537,28721,4937,38847
"1218","OYJV","P",1,3,23537,28721,41738,38847
"1219","OYJV","P",2,4,23537,28721,45111,19268
"1220","OYJV","P",2,5,23537,28721,46942,19268
"1221","OYJV","P",2,6,23537,28721,31446,19268
"1222","OYJV","P",3,7,23537,28721,32311,32830
"1223","OYJV","P",3,8,23537,28721,11079,32830
"1224","OYJV","P",3,9,23537,28721,49592,32830
"1225","OYJV","P",4,10,23537,28721,26083,30456
"1226","OYJV","P",4,11,23537,28721,12568,30456
"1227","OYJV","P",4,12,23537,28721,8860,30456
"1228","OYJV","P",5,13,23537,28721,19250,49600
"1229","OYJV","P",5,14,23537,28721,17558,49600
"1230","OYJV","P",5,15,23537,28721,18156,49600
"1231","STYA","C",1,1,22451,14069,39396,29274
"1232","STYA","C",1,2,22451,14069,25479,29274
"1233","STYA","C",1,3,22451,14069,33827,29274
"1234","STYA","C",2,4,22451,14069,40551,25365
"1235","STYA","C",2,5,22451,14069,39108,25365
"1236","STYA","C",2,6,22451,14069,30249,25365
"1237","STYA","C",3,7,22451,14069,20650,16801
"1238","STYA","C",3,8,22451,14069,25624,16801
"1239","STYA","C",3,9,22451,14069,48844,16801
"1240","STYA","C",4,10,22451,14069,17048,24336
"1241","STYA","C",4,11,22451,14069,10808,24336
"1242","STYA","C",4,12,22451,14069,31294,24336
"1243","STYA","C",5,13,22451,14069,42353,49590
"1244","STYA","C",5,14,22451,14069,32085,49590
"1245","STYA","C",5,15,22451,14069,36677,49590
"1246","EKRM","P",1,1,11927,15367,6217,35305
"1247","EKRM","P",1,2,11927,15367,18175,35305
"1248","EKRM","P",1,3,11927,15367,49951,35305
"1249","EKRM","P",2,4,11927,15367,39183,46808
"1250","EKRM","P",2,5,11927,15367,36729,46808
"1251","EKRM","P",2,6,11927,15367,49627,46808
"1252","EKRM","P",3,7,11927,15367,49870,19956
"1253","EKRM","P",3,8,11927,15367,18692,19956
"1254","EKRM","P",3,9,11927,15367,22287,19956
"1255","EKRM","P",4,10,11927,15367,9801,45933
"1256","EKRM","P",4,11,11927,15367,46665,45933
"1257","EKRM","P",4,12,11927,15367,11516,45933
"1258","EKRM","P",5,13,11927,15367,41983,47627
"1259","EKRM","P",5,14,11927,15367,29231,47627
"1260","EKRM","P",5,15,11927,15367,43962,47627
"1261","NIVH","C",1,1,36210,20472,13859,12301
"1262","NIVH","C",1,2,36210,20472,37226,12301
"1263","NIVH","C",1,3,36210,20472,10871,12301
"1264","NIVH","C",2,4,36210,20472,7443,41480
"1265","NIVH","C",2,5,36210,20472,15343,41480
"1266","NIVH","C",2,6,36210,20472,47683,41480
"1267","NIVH","C",3,7,36210,20472,42594,43572
"1268","NIVH","C",3,8,36210,20472,11442,43572
"1269","NIVH","C",3,9,36210,20472,33115,43572
"1270","NIVH","C",4,10,36210,20472,27063,18062
"1271","NIVH","C",4,11,36210,20472,4906,18062
"1272","NIVH","C",4,12,36210,20472,6997,18062
"1273","NIVH","C",5,13,36210,20472,25188,22639
"1274","NIVH","C",5,14,36210,20472,29084,22639
"1275","NIVH","C",5,15,36210,20472,20660,22639
"1276","KCUJ","P",1,1,44044,38786,42441,49647
"1277","KCUJ","P",1,2,44044,38786,19587,49647
"1278","KCUJ","P",1,3,44044,38786,9165,49647
"1279","KCUJ","P",2,4,44044,38786,13890,31069
"1280","KCUJ","P",2,5,44044,38786,16736,31069
"1281","KCUJ","P",2,6,44044,38786,46219,31069
"1282","KCUJ","P",3,7,44044,38786,18129,31369
"1283","KCUJ","P",3,8,44044,38786,12169,31369
"1284","KCUJ","P",3,9,44044,38786,14846,31369
"1285","KCUJ","P",4,10,44044,38786,28864,9706
"1286","KCUJ","P",4,11,44044,38786,36184,9706
"1287","KCUJ","P",4,12,44044,38786,43620,9706
"1288","KCUJ","P",5,13,44044,38786,19086,38505
"1289","KCUJ","P",5,14,44044,38786,35657,38505
"1290","KCUJ","P",5,15,44044,38786,26859,38505
"1291","BBYJ","C",1,1,29236,23353,27249,24910
"1292","BBYJ","C",1,2,29236,23353,8689,24910
"1293","BBYJ","C",1,3,29236,23353,10730,24910
"1294","BBYJ","C",2,4,29236,23353,16083,17423
"1295","BBYJ","C",2,5,29236,23353,6600,17423
"1296","BBYJ","C",2,6,29236,23353,46140,17423
"1297","BBYJ","C",3,7,29236,23353,15075,37720
"1298","BBYJ","C",3,8,29236,23353,39233,37720
"1299","BBYJ","C",3,9,29236,23353,40836,37720
"1300","BBYJ","C",4,10,29236,23353,4907,15908
"1301","BBYJ","C",4,11,29236,23353,18638,15908
"1302","BBYJ","C",4,12,29236,23353,12902,15908
"1303","BBYJ","C",5,13,29236,23353,23693,10276
"1304","BBYJ","C",5,14,29236,23353,15086,10276
"1305","BBYJ","C",5,15,29236,23353,27316,10276
"1306","UXLO","P",1,1,20937,47327,46911,25388
"1307","UXLO","P",1,2,20937,47327,44945,25388
"1308","UXLO","P",1,3,20937,47327,35906,25388
"1309","UXLO","P",2,4,20937,47327,15808,29272
"1310","UXLO","P",2,5,20937,47327,16613,29272
"1311","UXLO","P",2,6,20937,47327,16537,29272
"1312","UXLO","P",3,7,20937,47327,38949,40036
"1313","UXLO","P",3,8,20937,47327,42108,40036
"1314","UXLO","P",3,9,20937,47327,49385,40036
"1315","UXLO","P",4,10,20937,47327,23574,22183
"1316","UXLO","P",4,11,20937,47327,16234,22183
"1317","UXLO","P",4,12,20937,47327,38686,22183
"1318","UXLO","P",5,13,20937,47327,31191,18546
"1319","UXLO","P",5,14,20937,47327,31748,18546
"1320","UXLO","P",5,15,20937,47327,46406,18546
"1321","BETM","C",1,1,29816,3920,48841,48696
"1322","BETM","C",1,2,29816,3920,24155,48696
"1323","BETM","C",1,3,29816,3920,39099,48696
"1324","BETM","C",2,4,29816,3920,46017,34637
"1325","BETM","C",2,5,29816,3920,17959,34637
"1326","BETM","C",2,6,29816,3920,28339,34637
"1327","BETM","C",3,7,29816,3920,23607,27614
"1328","BETM","C",3,8,29816,3920,37818,27614
"1329","BETM","C",3,9,29816,3920,42117,27614
"1330","BETM","C",4,10,29816,3920,43394,26762
"1331","BETM","C",4,11,29816,3920,31133,26762
"1332","BETM","C",4,12,29816,3920,39239,26762
"1333","BETM","C",5,13,29816,3920,6810,23676
"1334","BETM","C",5,14,29816,3920,12360,23676
"1335","BETM","C",5,15,29816,3920,29907,23676
"1336","RYMM","P",1,1,14536,17904,23131,37236
"1337","RYMM","P",1,2,14536,17904,42375,37236
"1338","RYMM","P",1,3,14536,17904,24079,37236
"1339","RYMM","P",2,4,14536,17904,11642,34619
"1340","RYMM","P",2,5,14536,17904,33426,34619
"1341","RYMM","P",2,6,14536,17904,40315,34619
"1342","RYMM","P",3,7,14536,17904,22784,18356
"1343","RYMM","P",3,8,14536,17904,11658,18356
"1344","RYMM","P",3,9,14536,17904,10182,18356
"1345","RYMM","P",4,10,14536,17904,32496,16264
"1346","RYMM","P",4,11,14536,17904,6274,16264
"1347","RYMM","P",4,12,14536,17904,36410,16264
"1348","RYMM","P",5,13,14536,17904,42331,17098
"1349","RYMM","P",5,14,14536,17904,6334,17098
"1350","RYMM","P",5,15,14536,17904,9026,17098
"1351","OQHZ","C",1,1,33614,32299,24513,35893
"1352","OQHZ","C",1,2,33614,32299,22633,35893
"1353","OQHZ","C",1,3,33614,32299,27071,35893
"1354","OQHZ","C",2,4,33614,32299,16896,13532
"1355","OQHZ","C",2,5,33614,32299,10261,13532
"1356","OQHZ","C",2,6,33614,32299,23896,13532
"1357","OQHZ","C",3,7,33614,32299,24758,34504
"1358","OQHZ","C",3,8,33614,32299,20433,34504
"1359","OQHZ","C",3,9,33614,32299,27765,34504
"1360","OQHZ","C",4,10,33614,32299,11998,24834
"1361","OQHZ","C",4,11,33614,32299,11663,24834
"1362","OQHZ","C",4,12,33614,32299,35950,24834
"1363","OQHZ","C",5,13,33614,32299,36424,10444
"1364","OQHZ","C",5,14,33614,32299,45604,10444
"1365","OQHZ","C",5,15,33614,32299,14901,10444
"1366","QPQY","P",1,1,9516,45870,47858,43624
"1367","QPQY","P",1,2,9516,45870,10241,43624
"1368","QPQY","P",1,3,9516,45870,12465,43624
"1369","QPQY","P",2,4,9516,45870,43376,25376
"1370","QPQY","P",2,5,9516,45870,41086,25376
"1371","QPQY","P",2,6,9516,45870,23991,25376
"1372","QPQY","P",3,7,9516,45870,41601,12979
"1373","QPQY","P",3,8,9516,45870,46697,12979
"1374","QPQY","P",3,9,9516,45870,18292,12979
"1375","QPQY","P",4,10,9516,45870,8723,21057
"1376","QPQY","P",4,11,9516,45870,32588,21057
"1377","QPQY","P",4,12,9516,45870,29044,21057
"1378","QPQY","P",5,13,9516,45870,15165,17525
"1379","QPQY","P",5,14,9516,45870,23183,17525
"1380","QPQY","P",5,15,9516,45870,37937,17525
"1381","KHCI","C",1,1,48098,31469,7155,22562
"1382","KHCI","C",1,2,48098,31469,41649,22562
"1383","KHCI","C",1,3,48098,31469,39457,22562
"1384","KHCI","C",2,4,48098,31469,44468,9951
"1385","KHCI","C",2,5,48098,31469,35172,9951
"1386","KHCI","C",2,6,48098,31469,33252,9951
"1387","KHCI","C",3,7,48098,31469,32783,19837
"1388","KHCI","C",3,8,48098,31469,21957,19837
"1389","KHCI","C",3,9,48098,31469,21993,19837
"1390","KHCI","C",4,10,48098,31469,31484,12435
"1391","KHCI","C",4,11,48098,31469,45002,12435
"1392","KHCI","C",4,12,48098,31469,30244,12435
"1393","KHCI","C",5,13,48098,31469,22479,46244
"1394","KHCI","C",5,14,48098,31469,38645,46244
"1395","KHCI","C",5,15,48098,31469,14261,46244
"1396","TCSZ","P",1,1,39108,10956,36496,27193
"1397","TCSZ","P",1,2,39108,10956,32186,27193
"1398","TCSZ","P",1,3,39108,10956,29497,27193
"1399","TCSZ","P",2,4,39108,10956,16077,20437
"1400","TCSZ","P",2,5,39108,10956,7044,20437
"1401","TCSZ","P",2,6,39108,10956,4940,20437
"1402","TCSZ","P",3,7,39108,10956,39771,16780
"1403","TCSZ","P",3,8,39108,10956,32283,16780
"1404","TCSZ","P",3,9,39108,10956,20821,16780
"1405","TCSZ","P",4,10,39108,10956,23390,39097
"1406","TCSZ","P",4,11,39108,10956,42086,39097
"1407","TCSZ","P",4,12,39108,10956,38378,39097
"1408","TCSZ","P",5,13,39108,10956,19502,43044
"1409","TCSZ","P",5,14,39108,10956,36652,43044
"1410","TCSZ","P",5,15,39108,10956,7254,43044
"1411","FCBV","C",1,1,26472,15940,31765,44758
"1412","FCBV","C",1,2,26472,15940,17845,44758
"1413","FCBV","C",1,3,26472,15940,20965,44758
"1414","FCBV","C",2,4,26472,15940,12731,16045
"1415","FCBV","C",2,5,26472,15940,14743,16045
"1416","FCBV","C",2,6,26472,15940,40468,16045
"1417","FCBV","C",3,7,26472,15940,38616,19800
"1418","FCBV","C",3,8,26472,15940,28393,19800
"1419","FCBV","C",3,9,26472,15940,48330,19800
"1420","FCBV","C",4,10,26472,15940,19983,24238
"1421","FCBV","C",4,11,26472,15940,13198,24238
"1422","FCBV","C",4,12,26472,15940,5728,24238
"1423","FCBV","C",5,13,26472,15940,45083,26747
"1424","FCBV","C",5,14,26472,15940,38282,26747
"1425","FCBV","C",5,15,26472,15940,48594,26747
"1426","PMJH","P",1,1,46668,16349,10622,33560
"1427","PMJH","P",1,2,46668,16349,47347,33560
"1428","PMJH","P",1,3,46668,16349,46617,33560
"1429","PMJH","P",2,4,46668,16349,20062,10243
"1430","PMJH","P",2,5,46668,16349,29625,10243
"1431","PMJH","P",2,6,46668,16349,29517,10243
"1432","PMJH","P",3,7,46668,16349,18073,29164
"1433","PMJH","P",3,8,46668,16349,7435,29164
"1434","PMJH","P",3,9,46668,16349,41575,29164
"1435","PMJH","P",4,10,46668,16349,22743,34719
"1436","PMJH","P",4,11,46668,16349,31848,34719
"1437","PMJH","P",4,12,46668,16349,18331,34719
"1438","PMJH","P",5,13,46668,16349,12795,46806
"1439","PMJH","P",5,14,46668,16349,41508,46806
"1440","PMJH","P",5,15,46668,16349,23157,46806
"1441","PVCZ","C",1,1,19507,45032,14812,15956
"1442","PVCZ","C",1,2,19507,45032,38673,15956
"1443","PVCZ","C",1,3,19507,45032,16395,15956
"1444","PVCZ","C",2,4,19507,45032,14365,47945
"1445","PVCZ","C",2,5,19507,45032,28984,47945
"1446","PVCZ","C",2,6,19507,45032,49189,47945
"1447","PVCZ","C",3,7,19507,45032,13241,42241
"1448","PVCZ","C",3,8,19507,45032,35404,42241
"1449","PVCZ","C",3,9,19507,45032,6729,42241
"1450","PVCZ","C",4,10,19507,45032,29782,16246
"1451","PVCZ","C",4,11,19507,45032,35018,16246
"1452","PVCZ","C",4,12,19507,45032,39572,16246
"1453","PVCZ","C",5,13,19507,45032,6689,34592
"1454","PVCZ","C",5,14,19507,45032,8968,34592
"1455","PVCZ","C",5,15,19507,45032,21505,34592
"1456","ECWN","P",1,1,41068,11198,26425,10204
"1457","ECWN","P",1,2,41068,11198,44225,10204
"1458","ECWN","P",1,3,41068,11198,44961,10204
"1459","ECWN","P",2,4,41068,11198,34238,38316
"1460","ECWN","P",2,5,41068,11198,37918,38316
"1461","ECWN","P",2,6,41068,11198,37314,38316
"1462","ECWN","P",3,7,41068,11198,27117,22324
"1463","ECWN","P",3,8,41068,11198,11907,22324
"1464","ECWN","P",3,9,41068,11198,48149,22324
"1465","ECWN","P",4,10,41068,11198,9371,42201
"1466","ECWN","P",4,11,41068,11198,21242,42201
"1467","ECWN","P",4,12,41068,11198,40732,42201
"1468","ECWN","P",5,13,41068,11198,24022,45531
"1469","ECWN","P",5,14,41068,11198,9791,45531
"1470","ECWN","P",5,15,41068,11198,7531,45531
"1471","RFSM","C",1,1,12036,7216,45835,28102
"1472","RFSM","C",1,2,12036,7216,31961,28102
"1473","RFSM","C",1,3,12036,7216,33731,28102
"1474","RFSM","C",2,4,12036,7216,23089,35060
"1475","RFSM","C",2,5,12036,7216,28245,35060
"1476","RFSM","C",2,6,12036,7216,41267,35060
"1477","RFSM","C",3,7,12036,7216,32892,32797
"1478","RFSM","C",3,8,12036,7216,22633,32797
"1479","RFSM","C",3,9,12036,7216,9492,32797
"1480","RFSM","C",4,10,12036,7216,44209,43090
"1481","RFSM","C",4,11,12036,7216,35736,43090
"1482","RFSM","C",4,12,12036,7216,20480,43090
"1483","RFSM","C",5,13,12036,7216,43113,38549
"1484","RFSM","C",5,14,12036,7216,15546,38549
"1485","RFSM","C",5,15,12036,7216,12496,38549
"1486","ZXOB","P",1,1,40678,11769,41696,47933
"1487","ZXOB","P",1,2,40678,11769,24222,47933
"1488","ZXOB","P",1,3,40678,11769,23790,47933
"1489","ZXOB","P",2,4,40678,11769,13682,25261
"1490","ZXOB","P",2,5,40678,11769,19571,25261
"1491","ZXOB","P",2,6,40678,11769,29104,25261
"1492","ZXOB","P",3,7,40678,11769,10397,39603
"1493","ZXOB","P",3,8,40678,11769,19725,39603
"1494","ZXOB","P",3,9,40678,11769,28335,39603
"1495","ZXOB","P",4,10,40678,11769,42600,21194
"1496","ZXOB","P",4,11,40678,11769,24570,21194
"1497","ZXOB","P",4,12,40678,11769,10126,21194
"1498","ZXOB","P",5,13,40678,11769,16299,32895
"1499","ZXOB","P",5,14,40678,11769,25553,32895
"1500","ZXOB","P",5,15,40678,11769,45848,32895
